Deutsch;Englisch
ausfüllen;to fill out
heißen;to be named
unterschreiben  ;to sign
heiraten;to marry
besuchen;to visit
grüßen;to greet
gratulieren;to congratulate
danken;to thank
kommen;to come
helfen;to help
verstehen;to understand
sprechen;to speak
aufschreiben;to write down
entschuldigen;to apologize
kennenlernen;to get to know
sein;to be
sich vorstellen;to introduce oneself
wohnen;to live in
haben;to have
sagen;to say
männlich;male
weiblich;female
ledig;single
verheiratet;married
geschieden;divorced
verwitwet;widowed
gut;good
schlecht;bad
privat;privat
deutsch;german
ein bisschen;a little
schön;nice
Hallo;hello
Guten Tag;good day
Herzlichen Glückwunsch;congratulations
bitte;please
danke;thank you
Auf Wiedersehen;good bye
tschüss;bye
ja;yes
nein;no
Entschuldigung;sorry
willkommen;welcome
auch;too
und;and
wer;who
was;what
woher;where
welche;which
wie;how
die Adresse;the address
der Name;the name
der Vorname;the first name
der Familienname;the second name
die Straße;the street
die Hausnummer;the street number
der Ort;the place
die Postleitzahl;postal code
der Geburtsort;place of birth
das Geburtsjahr;year of birth
das Geburtsdatum;date of birth
das Formular;the form
das Alter;the age
die Unterschrift;the signature
der Familienstand;the marital status
die Papiere;the papers
der Ausweis;the ID-Card
der Pass;the passport
der Geburtstag;the birthday
die Einladung;the invitation
die Torte;the pie
das Geschenk;the present
der Gast;the guest
die Frau;the woman
der Mann;the man
der Junge;the boy
das Mädchen;the girl
das Kind;the child
die Handynummer;the cellphone number
die Nummer;the number
das Alphabet;the alphabet
der Artikel;the article
die Person;the person
die Sprache;the language
die Dame;the lady
Deutschland;Germany
ich;i
du;You – informal - singular
er;he
sie (singular);she
es;it
wir;we
ihr;you - plural
sie (plural);they
Sie (formell Du);you - formal - singular
mein;my
dein;yours
sein;his
ihr (singular);hers
sein;it's
unser;ours
euer;yours
ihr (plural);theirs
Ihr (formell Du);yours - formal - singular
Okay ich fülle das Formular aus.;okay, I fill out the form.
Wie heißen die deutschen Artikel?;What are the German articles called?
Unterschreiben sie bitte das Formular.;Please sign the form.
Die Frau heiratet den Mann.;The woman marries the man.
Nein wir besuchen dich nicht.;No we don`t visit you.
Nein der Mann grüßt das Kind.;No, the man greets the child.
Ich gratuliere dir zum Geburtstag.;I congratulate you to your birthday.
Ich danke dir für das Geschenk.;Thank you for the present.
Sie kommt aus Deutschland.;She comes from Germany.
Ja ich helfe der Frau.;Yes, I help the woman.
Nein ich verstehe kein deutsch.;No, I don`t understand German.
Nein ich spreche nicht arabisch.;No, I don`t speak arabic.
Schreiben sie bitte ihren Namen auf.;Please write down your name.
Entschuldigen sie bitte.;Excuse me.
Schön sie kennenzulernen.;Nice to get to know you.
Die Person ist männlich;This person is male.
Stellen sie sich bitte vor.;Please introduce yourself.
Ich wohne in Bautzen.;I live in Bautzen.
Ich habe eine Frau und ein Kind.;I have a wife and one child.
Was sage ich meiner Frau?;What do I tell my wife?
Ich bin Thomas.;I am thomas.
Du bist Alfred.;You are Alfred.
Er ist Ahmad.;He is Ahmad.
Sie ist Monique.;She is Monique
Es ist ein Kind.;It is a child.
Wir sind aus Deutschland.;We are from Germany.
Ihr seid schön.;You are beautiful.
Sie helfen dem Kind.;They help the child.
Sie sind eine schöne Frau.;You are a beautiful woman.
Mein Kind heißt Anja.;My child is called Anja.
Dein Alter sagt er nicht.;He doesn`t tell your age.
Seine Adresse ist auf dem Formular.;His adress is on the form.
ihr Geburtsort ist Dresden.;Her place of birth is Dresden.
Seine Frau kommt aus Deutschland.;His wife comes from Germany.
Wir haben unsere Einladung.;We have our invitation.
Euer Kind heißt Ivan.;Your child is called Ivan.
Ich spreche mit ihrem Mann.;I speak with her husband.
Ihr Name ist Herr Müller.;Your Name is Herr Müller.
Ich sage meine Adresse nicht.;I don`t tell my adress.
Mein Name ist Martin Müller.;My Name is Martin Müller.
Mein Vorname ist Martin.;My first name is Martin.
Mein Familienname ist Müller.;My second name is Müller.
Ich wohne in der Hauptstraße.;I live in the main street.
Meine Hausnummer ist 7.;My house number is 7.
Wo ist der Ort?;Where is this place
Ich schreibe meine Postleitzahl auf.;I write down my area code.
Dein Geburtsort ist Berlin.;Your place of birth is berlin.
Dein Geburtsjahr ist 1984.;Your year of birth is 1984.
Mein Geburtsdatum ist der 01.01.1984.;My birthdate is the 01.01.1984.
Ich fülle das Formular aus.;I fill out the form.
Mein Alter sage ich nicht.;I don`t tell my age.
Meine Unterschrift ist unter dem Formular.;my signature is under the form.
Wie ist ihr Familienstand?;What is your marital status?
Ich habe keine Papiere.;I don`t have papers.
Er hat keinen Ausweis.;He doesn`t have an identity card.
Wir haben keinen Pass.;We don`t have a passport.
Es ist dein Geburtstag.;It is your birthday.
Ich habe eine Einladung zum Geburtstag.;I have an invitation to the birthday.
Die Torte ist schön.;The pie is beautiful.
Sie haben ein Geschenk.;They have a present.
Der Gast kommt aus Deutschland.;The guest is from Germany.
Die Frau ist schön.;The woman is pretty.
Der Mann ist ledig.;The man is single.
Der Junge spricht arabisch.;The boy speaks arabic.
Das Mädchen spricht ein bisschen deutsch.;The girl speaks a little bit German.
Das Kind spricht mit der Mutter.;The child is speaking with the mother.
Ich habe keine Handynummer.;I dont have a cell phone number.
Meine Nummer sage ich nicht.;I don`t tell my number.
Ich schreibe das Alphabet auf.;I write down the alphabet.
Das ist ein Artikel.;This is an article.
Die Person ist männlich.;The person is male.
Ich verstehe die deutsche Sprache.;I understand the German language.
Die Dame hilft dem Mann.;The lady helps the man.
Deutschland ist schön.;Germany is beautiful.
Die Person ist männlich.;the person is male.
Nein die Person ist weiblich.;no, the person is female
Ich bin ledig.;I am single.
Ja ich bin verheiratet.;Yes, I am married
Nein ich bin nicht geschieden.;No, I am not divorced.
Ja ich bin verwitwet.;Yes, I am a widowed,
Ja das Geschenk ist gut.;Yes, the present is good.
Nein das Geschenk ist schlecht.;No the present is bad.
Nein das ist nicht privat.;No, that is not privat.
Nein ich spreche kein deutsch.;No, I don`t speak German.
Ich spreche ein bisschen deutsch.;I speak a little bit german.
Ja das Mädchen ist schön.;Yes, the girl is beautiful.
Wer ist die Frau?;Who is this woman?
Ja was ist?;Yes what`s up?
Woher kommen sie?;Where are you from?
Welches Kind ist ihrs?;Which child is yours?
Wie heißen sie?;What is your name?
Hallo ich bin Martin.;Hello I am Martin.
Guten Tag Frau Müller.;Good Day mrs Müller.
Herzlichen Glückwunsch zum Geburtstag.;Happy Birthday.
Bitte schön.;you are welcome.
Danke für das Geschenk.;Thank you for the present
Auf Wiedersehen.;Good bye.
Tschüss.;bye.
Ja ich bin Thomas.;Yes I am Thomas.
Nein ich bin nicht Omar.;No I am not Omar
Entschuldigung.;Sorry.
Willkommen in Deutschland.;Welcome to Germany.
Ich komme auch aus Deutschland.;I am from Germany too.
Ich spreche deutsch und arabisch.;I speak German and Arabic.
vormittags;in the morning
später;later
pünktlich;punctual
zu spät;too late
die Stunde;one hour
eine halbe Stunde;half hour
eine viertel Stunde;quarter hour
die Minute;the minute
die Sekunde;the second
früh;early
spät;late
die Uhrzeit;the time
seit;since
heute;today
gestern;yesterday
vorgestern;the day before yesterday
morgen;tomorrow
übermorgen;the day after tomorrow
morgens;in the morning
mittags;at noon
pünktlich;punctual
abends;at the evening
tagsüber;during the day
nachts;in the night
nachmittags;in the afternoon
jetzt;now
immer;always
nächste;next
stündlich;hourly
täglich;daily
erst;first
wann;when
null;zero
eins;one
zwei;two
drei;three
vier;four
fünf;five
sechs;six
sieben;seven
acht;eight
neun;nine
zehn;ten
elf;eleven
die Zahl;the number
hundert;hundred
hunderteins;onehundred and one
zweihundert;twohundred
tausend;thousand
die Million;million
die Milliarde;billion
neunzehn;nineteen
zwangzig;twenty
einundzwanzig;twentyone
dreißig;thirty
vierzig;forty
fünfzig;fifty
sechzig;sixty
siebzig;seventy
achtzig;eighty
neunzig;ninety
plus;plus
minus;minus
geteilt;divided by
mal;times
das Prozent;the percent
ganz;full
zwölf;twelve
dreizehn;thirteen
vierzehn;fourteen
fünfzehn;fifteen
sechzehn;sixteen
siebzehn;seventeen
achtzehn;eighteen
rechnen;to calculate
schlafen;to sleep
wecken;to wake someone up
aufwachen;to wake up
aufstehen;to stand up
stattfinden;to occur
verabreden;to arrange to meet
anfangen;to start
beginnen;to begin
zählen;to count
warten;to wait
öffnen;to open
schließen;to close
die Woche;the week
der Wochentag;the day of the week
der Werktag;working day
das Wochenende;the weekend
Montag;Monday
Dienstag;Tuesday
Mittwoch;Wednesday
Donnerstag;Thursday
Freitag;Friday
Samstag;Saturday
Sonntag;Sunday
das Jahr;the year
der Herbst;autumn
der Sommer;summer
der Frühling;spring
der Winter;winter
die Jahreszeit;the season
der Monat;the month
der Januar;january
der Februar;february
der März;march
der April;april
der Mai;may
der Juni;june
der Juli;juli
der August;august
der September;september
der Oktober;october
der November;november
der Dezember;december
die Nacht;the night
Guten Morgen;good morning
Guten Abend;good evening
guten Tag;good day
der Abend;the evening
der Mittag;noon
der Morgen;the morning
der Tag;the day of the week
der Vormittag;the morning
der Nachmittag;the afternoon
erste;first
zweite;second
dritte;third
vierte;fourth
fünfte;fifth
sechste;sixth
siebte;seventh
achte;eighth
neunte;nineth
zehnte;tenth
die Hälfte;a half
das Drittel;a third
das Viertel;a quarter
das Fünftel;a fifth
das Sechstel;a sixth
das Siebtel;a seventh
das Achtel;an eights
das Neuntel;a nineth
das Zehntel;a tenth
die Form;the form
der Kreis;the circle
das Dreieck;the triangle
das Viereck;the quadrangle
der Teil;a part
die Uhr;the clock
der Zeiger;the clock pointer
der Termin;the appointment
kommst du vormittags oder nachmittags?;Are you coming in the morning or in the afternoon.
Ich spreche später mit Monika;I speak later with Monika.
ich komme heute nicht pünktlich.;I don`t come on time today.
Du bist zu spät.;You are too late.
Eine Stunde hat 60 Minuten.;One hour has sixty minutes.
30 Minuten sind eine halbe Stunde.;Thirty minutes are half an hour.
Ich komme eine viertel Stunde zu spät.;I come fifteen minutes too late.
Eine Minute hat sechzig Sekunden.;One minute has sixty seconds.
warten sie bitte eine Sekunde.;Please wait one second.
Ich stehe früh auf und schlafe spät.;I stand up early and go to sleep late.
sagen sie mir bitte die Uhrzeit?;Do you tell me the time please?
Ich warte seit Montag.;I wait since Monday.
Heute habe ich Geburtstag.;Today is my birthday.
Gestern war ich in Dresden.;Yesterday I was in Dresden.
Heute ist Mittwoch und vorgestern war Montag.;Today is Wednesday and the day before was Monday.
Heute ist Mittwoch und morgen wird Donnerstag sein.;Today is Wednesday and tomorrow will be Thursday.
Heute ist Mittwoch und übermorgen wird Freitag sein.;Today is Wednesday and the day after tomorrow will be Friday.
Morgens wecke ich mein Kind.;In the morning I wake my child.
Der Termin ist mittags.;The appointment is noon.
Sein sie bitte pünktlich.;Please be on time.
Verabredest du dich Abends mit Michael?;Do you arrange to meet with Michael in the evening?
tagsüber schlafe ich nicht.;I dont sleep during daytime.
nachts schlafe ich immer.;I always sleep in the night.
der Termin ist jetzt und nicht in 30 Minuten.;The appointment is now and not in 30 minutes.
Der nächste Termin ist übermorgen.;The next appointment is the day after tomorrow.
Ich wache stündlich auf.;I wake up every hour.
Sie hilft der Frau täglich.;She helps the woman daily.
Ich komme erst in 40 Minuten.;I come only in 40 minutes.
Wann kommst du?;When do you come?
Eins plus fünf sind sechs.;One plus five are six.
Zwei Minus zwei ist null.;Two minus two is zero.
Drei Mal vier sind zwölf.;Three times four are twelve.
Ich habe sieben oder acht Euro.;I have seven or eight euros.
Neunzig geteilt durch zehn sind neun.;ninety divided by ten is nine.
Die Zahl 11 schreibt man elf.;The number 11 is written elf.
Nach der hundert kommt die hunderteins;After hundred comes hundred one.
fünf mal zweihundert sind tausend.;five times two hundred are thousand.
Tausend mal tausend sind eine Million.;thousand times thousand are a million.
Tausend mal eine Million sind eine Milliarde.;thousand times a million are a billion.
Ich habe neunzehn Euro.;I have nineteen euros.
zwanzig plus dreißig sind fünfzig;Twenty plus thirty are fifty.
Einundzwanzig zweiundzwanzig und jetzt?;Twenty one, twenty two and now?
Vierzig minus eins sind neununddreißig.;Forty minus one are thirty nine.
haben sie sechzig siebzig oder achtzig Euro?;Do you have sixty, seventy or eighty euros?
Fünfzig prozent von vierzehn Euro sind sieben Euro.;Fifty percent of fourteen euro are seven euros.
Ein ganzer Tag hat vierundzwanzig Stunden.;A full day has twenty four hours.
sechsundzwanzig geteilt durch zwei sind dreizehn;twentysix divided by two are thirteen.
Fünfzehn plus drei sind achtzehn.;fivteen plus three are eighteen.
Die Kinder rechnen fünf plus fünf.;The kids calculate five plus five.
Ich schlafe seit zwei Stunden.;I sleep since two hours.
Ich wecke dich um sieben Uhr.;I wake you up at seven o`clock.
Ich wache immer um drei Uhr morgens auf.;I always wake up at three o`clock in the morning.
Wann stehst du auf?;When do you stand up?
Wann findet der Termin statt?;When is the appointment happening?
Wann seid ihr verabredet?;When are you meeting?
wann fängt der Sommer an?;When does the summer begin?
Die Woche beginnt am Montag.;The week begins on Monday.
Das Kind zählt bis zehn.;The child counts till ten.
Er wartet auf die Frau.;He waits for the woman.
Wann öffnet der Supermarkt?;When opens the supermarket?
Der Supermarkt schließt um sieben Uhr.;The supermarket closes at seven o`clock.
Eine Woche hat sieben Tage.;One week has seven days.
Welcher Wochentag ist heute?;Which weekday is today?
Die Werktage sind Montag Dienstag Mittwoch Donnerstag und Freitag.;The working days are Monday Tuesday Wednesday Thursday and Friday.
Das Wochenende sind Samstag und Sonntag.;The weekend are Saturday and Sunday.
Nächstes Wochenende komme ich nicht.;Next weekend I don`t come.
In einem Jahr bin ich 18 Jahre alt.;In one year I am 18 years old.
Der Herbst kommt nach dem Sommer.;The fall comes after the summer.
Der Winter kommt vor dem Frühling.;The winter comes before spring.
Welche Jahreszeit haben wir?;Which season do we have?
Welchen Monat haben wir?;Which month do we have?
der erste Monat im Jahr ist der Januar.;The first month of the year is january.
Der zweite Monat ist der Februar.;The second month of the year is february.
der dritte Monat ist der März.;the third month of the year is march.
der vierte Monat ist der April.;the fourth month of the year is april.
Der fünfte Monat ist der Mai.;the fifth month of the year is may.
Der sechste Monat ist der Juni.;the sixth month of the year is june.
Der siebente Monat ist der Juli.;the seventh month of the year is july.
Der achte Monat ist der August.;the eight month of the year is august.
Der neunte Monat ist der September.;the ninth month of the year is september.
Der zehnte Monat ist der Oktober.;the tenth month of the year is october.
Der elfte Monat ist der November.;the eleventh month of the year is november.
Der zwölfte Monat ist der Dezember.;the twelfth month of the year is december.
Die Nacht fängt im Winter früh an.;The night starts early in the winter.
Guten Morgen Antje.;Good morning Antje.
Guten Abend Frau Müller.;Good evening mrs Müller.
Guten Tag Herr Schneider.;Good day Herr Schneider.
Der Abend ist schön.;The evening is beautiful.
Am Mittag besuchen wir die Frau.;At noon we visit the woman.
Am Morgen stehe ich auf.;I stand up in the morning.
Der Vormittag ist von sieben bis zwölf Uhr.;the morning is from seven till twelve.
Der Nachmittag ist von dreizehn bis siebzehn Uhr.;The afternoon is from thirteen till seventeen.
der erste Monat im Jahr ist der Januar.;The first month of the year is january.
Der zweit Monat ist der Februar.;The second month of the year is february.
der dritte Monat ist der März.;the third month of the year is march.
der vierte Monat ist der April.;the fourth month of the year is april.
Der fünfte Monat ist der Mai.;the fifth month of the year is may.
Der sechste Monat ist der Juni.;the sixth month of the year is june.
Der siebente Monat ist der Juli.;the seventh month of the year is july.
Der achte Monat ist der August.;the eight month of the year is august.
Der neunte Monat ist der September.;the ninth month of the year is september.
Der zehnte Monat ist der Oktober.;the tenth month of the year is october.
Ich nehme die Hälfte von der Torte.;I take half of the pie.
Ein Drittel von neun sind drei.;A third of nine is three.
Ein Viertel von einem Euro sind fünfundzwanzig Cent.;A quarter of a euro are twentyfive cents.
Ein Fünftel von zehn sind zwei.;A fifth of ten are two.
Ein Sechstel von zwölf sind zwei.;A sixth of twelve are two.
Ein Siebtel von einundzwanzig sind drei.;A seventh of twentyone are three.
Ein Achtel von vierundzwanzig sind drei.;An eigth of twenty four are three.
Ein Neuntel von neunzig sind zehn.;A ninth of ninety are ten.
Ein Zehntel von hundert sind zehn.;A tenth of hundrer are ten.
Die Form des Geschenk ist ein Viereck.;The shape of the present is a quarter.
Das Kind zählt die Kreise.;The child counts the circles.
Ein Dreieck hat drei Ecken.;A triangle has three corners.
Ein Viereck hat vier Ecken.;A quadrangle has four corners.
Der Zeiger der Uhr ist auf der neun.;The pointer of the clock is on the nine.
Der Zeiger ist ein Teil der Uhr.;The pointer is a part of the clock.
Der Termin ist um acht Uhr abends.;The appointment is at eight o`clock in the evening.
essen;to eat
backen;to bake
trinken;to drink
frühstücken;to eat breakfast
kochen;to cook
bestellen;to order
einkaufen;to shop
kosten;to cost
verkaufen;to sell
kaufen;to buy
zahlen;to pay
anbieten;to offer
bitten;to say please
geben;to give
nehmen;to take
schließen;to close
öffnen;to open
wählen;to chose
können;to be able to /can
möchten;to like to
beschreiben;to describe
verfaulen;to rot/ to decay
zahlen;to pay
bekommen;get
reichen;to reach
schneiden;to cut
auswählen;to choose
wollen;to want
dabeihaben;to have with you
zu sein;to be closed
mögen;to like
der Hunger;the hunger
der Durst;the thirst
das Frühstück;the breakfast
das Mittagessen;the lunch
das Abendessen;the diner
das Glas;the glas
die Flasche;the bottle
das Geschirr;the tableware
die Tasse;the cup
die Untertasse;the saucer
der Teller;the plate
das Besteck;the silverware
das Messer;the knife
die Gabel;the fork
der Löffel;the spoon
das Essen;the food
der Geschmack;the taste
die Tüte;the bag
die Zigarette;the cigarette
das Feuerzeug;the lighter
das Streichholz;the match
der Kellner/ die Kellnerin;the waiter
die Speisekarte;the menu
der Verkäufer/ die Verkäuferin;the sales person
der Kunde/ die Kundin;the customer
der Wunsch;the wish
der Handel;the trade
der Kauf;the purchase
die Ernährung;the nutrition
die Mahlzeit;the meal
der Service;the service
mindestens;at least
viel;a lot
genug;enough
genau;exactly
sehr;very
ungefähr;approximately
wenig;a little
ein bisschen;a little
zu wenig;too little
zu viel;too much
etwas;something
nichts;nothing
kein;no
mehr;more
fast;almost
wieviel;how much
je;each
etwa;approximately
pro;per
das Gramm;one gramm
das Pfund;a pound
das Kilogramm;a kilogramm
Grad Celsius;one degree
der Milliliter;one mililitre
der Liter;one litre
ein halber Liter;half a liter
die Dose;the can
die Scheibe;the disc
die Butter;the butter
der Käse;the cheese
die Wurst;the sausage
das Ei;the egg
das Mehl;the flour
der Pfeffer;the pepper
das Salz;the salt
der Zucker;the sugar
das Öl;the oil
der Essig;the vinegar
die Nudeln;the noodles
der Reis;the rice
der Fisch;the fish
das Fleisch;the meat
das Geflügel;the poultry
das Brot;the bread
das Brötchen;the roll
der Kuchen;the cake
die Suppe;the soup
die Pommes frites;the french fries
die Schokolade;the chocolate
das Eis;the icecream
der Honig;the honey
der Schinken;the ham
die Marmelade;the jam
die Sahne;the cream
die Soße;the sauce
das Schnitzel;the schnitzel
die Lebensmittel;the foods
die Getränke;the drink
das Bier;the beer
der Wein;the vine
der Kaffee;the coffee
der Tee;the tea
die Milch;the milk
der Saft;the juice
das Mineralwasser;the mineral water
der Markt;the market
der Supermarkt;the supermarket
der Kiosk;the kiosk
die Bäckerei;the bakery
die Fleischerei;the butchers
der Frisör;the hairdressing
das café;the café
das Restaurant;the restaurant
das Geschäft;the store
der Geldautomat;the cash machine
das Angebot;the offer
der Preis;the price
die Kasse;the cashier
die Geldbörse;purse
die Brieftasche;the wallet
die Rechnung;the bill
die Kontonummer;the account number
die Bankleitzahl;Bank code
die Kreditkarte;the creditcard
das Geld;the money
der Euro;the euro
der Cent;the cent
die Bank;the bank
das Obst;the fruits
der Apfel;the apple
die Birne;the pear
die Orange;the orange
die Traube;the grapes
die Banane;the banana
die Zitrone;the lemon
die Ananas;the pineapple
die Kirsche;the cherry
die Pflaume;the plum
die Aprikose;the apricot
die Erdbeere;the strawberry
die Himbeere;the raspberry
die Brombeere;the blackberry
das Gemüse;the vegetables
die Aubergine;the eggplant
die Paprika;the paprika
der Spinat;the spinach
die Bohne;the bean
die Erbse;the pea
die Karotte;the carrot
der Mais;the corn
die Kartoffel;the potato
die Tomate;the tomato
die Gurke;the cucumber
die Zwiebel;the onion
die Zucchini;the zucchini
der Pilz;the mushroom
die Nuss;the nut
der Salat;the salad
gern;with pleasure
meiste;most
natürlich;of course
nicht;not
noch;yet
nur;only
zu;to
auf;on
aus;out
ab;off
aber;but
da;there
doch;yet, but
egal;doesnt matter
dabei;with it
satt;full
sauer;sour
süß;sweet
scharf;spicy
salzig;salty
billig;cheap
teuer;expensive
bar;cash
günstig;cheap
frisch;fresh
Die Kinder essen kein Gemüse.;The children don`t eat vegetables.
Die Frau backt einen Kuchen.;The woman bakes a cake.
Der Mann trinkt ein Bier aus der Flasche.;The man drinks beer out of the bottle.
Er frühstückt immer morgens.;He eats breakfast every morning.
Sie kocht für die Kinder.;She cooks for her children.
Du bestellst einen Tee im Cafe.;You order a tea in the cafe.
Das Kind kauft Süßigkeiten im Supermarkt ein.;The child buys sweets in the supermarket.
Zwei Kilo Paprika kosten sechs Euro.;Two kilogramm of paprika cost six euros.
Die Fleischerei verkauft Fleisch.;the butcher`s sells meat.
Er kauft eine Zwiebel für das Essen.;He buys an onion for the meal.
Ich zahle in bar.;I pay in cash.
Der Bäcker biete Brötchen für 30 Cent an.;The baker offers rolls for 30 cent.
ich bitte sie um eine Tüte.;I ask you for a bag please.
Geben sie mir bitte ein Kilo Tomaten.;Please give me one kilogram of tomatoes please.
Ich nehme eine Gurke bitte.;I take one cucumber please.
Der Supermarkt schließt um zwanzig Uhr.;The supermarket closes at 8 o'clock pm.
Das Geschäft öffnet um acht Uhr morgens.;The store opens at 8 o'clock in the morning.
Kann ich bitte zehn Euro haben.;Can i have 10 euros please.
Ich möchte keinen Zucker in meinen Kaffee bitte.;I don`t want sugar in my coffee please.
Beschreiben sie bitte das Restaurant.;Please describe the restaurant.
Die Kartoffeln verfaulen.;The potatoes rot.
Der Kunde zahlt an der Kasse.;The customer pays at the cashier.
Bekomme ich noch einen Kaffee bitte?;Can I get one more coffee please.
Ein bisschen Salz reicht.;A little bit of salt is enough.
Schneiden sie die Pizza bitte in acht Teile.;Please cut the pizza into 8 parts.
Wählen sie bitte aus.;Choose please.
Wollen sie mehr Zucker?;Do you want more sugar.
Haben sie eine Tüte dabei?;You have a bag with you?
Der Supermarkt ist schon zu.;The supermarket is already closed.
Das Kind mag Süßigkeiten.;The child likes sweets.
Obst ist gut für Kinder.;Fruits are good for children.
Die Frauen essen Äpfel.;The women eat apples.
Ich nehme zwei Birnen bitte.;I take two pears please.
Bekomme ich noch eine Orange bitte.;Can I get another orange please.
Wein ist aus Trauben.;Vine is made of grapes.
Die Banane kommt nicht aus Deutschland.;The banana is not from Germany.
Die Zitrone ist sehr sauer.;The lemon is very sour.
Die Frau schneidet die Ananas in vier Teile.;The woman cuts the pineapple in four parts.
Die Kirschen sind heute sehr günstig.;The cherry are very cheap today.
Ich habe nur Pflaumen in meiner Tüte.;I only have plums in my bag.
Es gibt heute keine Aprikosen im Supermarkt.;The are no apricots in the supermarket today.
Die Erdbeeren sind frisch.;The strawberries are fresh.
Himbeeren sind sehr süß.;Raspberries are very sweet.
Brombeeren sind sauer.;blackberries are sour.
Du hast noch Hunger.;You are still hungry.
Wer Durst hat trinkt Wasser.;Who has thirst drinks water.
Zum Frühstück gibt es heute Brötchen.;There are rolls for breakfast.
Ich esse Nudeln mit Tomatensoße zum Mittagessen.;I eat noodles with tomato sauce for lunch.
In Deutschland essen wir Brot zum Abendessen.;In Germany we eat bread for diner.
Ich möchte ein Glas Bier bitte.;I want one glass of beer please.
Trinken sie eine ganze Flasche?;Do you drink one full bottle.
Das Geschirr ist sehr teuer.;The tableware is very expensive.
Das Kind trinkt eine Tasse Milch.;The child drinks one cup of milk.
Geben sie mir bitte eine Untertasse für meinen Tee.;Give me a saucer for my tea please.
Ich habe noch kein Fleisch auf meinem Teller.;I dont have meat on my plate yet.
Sie isst mit Besteck.;She eats with silverware.
Die Frau schneidet das Fleisch mit einem Messer.;The woman cuts the meat with a knife.
Wir essen unsere Kartoffeln mit der Gabel.;We eat our potatoes with a fork.
Ich esse die Soße mit dem Löffel.;I eat the sauce with the spoon.
Das Essen in dem Restaurant ist sehr gut.;The food in the restaurant is very good.
Die Soße hat keinen Geschmack.;The sauce has no taste.
Geben sie mir noch eine Tüte.;Give me one more bag please.
Ich kaufe mir Zigaretten am Kiosk.;I buy my cigarettes at the kiosk.
Geben sie mir bitte ihr Feuerzeug.;Give me your lighter please.
Die Streichhölzer kosten nichts.;The matches cost nothing.
Der Kellner kommt mit der Speisekarte;The waiter comes with the menu.
Der Verkäufer gibt dem Kind ein bisschen Schokolade.;The seller gives the child a little bit of chocolate.
Der Kunde zahlt an der Kasse.;The customer pays at the cashier.
Haben sie noch einen Wunsch?;Do you have another wish?
Das Restaurant kauft die Lebensmittel im Handel.;The restaurant buys the foods in the wholesale.
Das ist kein guter Kauf.;That is not a good purchase.
Deine Ernährung ist schlecht.;Your nutrition is bad.
Ich esse drei Mahlzeiten am Tag.;I eat three meals every day.
Der Service im Restaurant ist sehr schlecht.;The service in the restaurant is very bad.
Trinken sie mindestens zwei Liter am Tag.;Drink at least two liter every day.
Ich möchte meinen Kaffee mit viel Zucker.;I want my coffee with a lot of sugar.
Ist genug Salz an der Soße?;Is there enough salt in the sauce?
Ich nehme genau hundert gramm Nüsse.;I take exactly hundred gramms of nuts.
Sehr viele Kinder mögen Schokolade.;Many children like chocolate.
Ich möchte ungefähr ein Pfund Spinat.;I want around one pound of spinach.
Ich möchte nur wenig Zucker.;I want just a little bit of sugar.
Ich spreche ein bisschen deutsch.;I speak a little bit of German.
Das ist zu wenig Milch.;This is too little milk.
Er trinkt zu viel Bier.;He drinks too much beer.
Geben sie mir etwas Sahne bitte.;Give me some cream please.
Ich esse nichts im Restaurant.;I eat nothing in the restaurant.
Du isst keine Pommes Frites.;You dont eat french fries.
Er möchte mehr Honig bitte.;He wants more honey please.
Das sind fast zwei Kilo Tomaten.;These are almost two Kilogramms of Tomatoes.
Wieviele Gurken möchten sie?;How many cucumbers do you want?
Die Tomaten kosten drei Euro je Kilo.;The tomatoes cost three euros per Kilogramm.
Geben sie etwa dreihundert Gramm Mehl an die Soße.;Add about three hundred Gramms of flour to the sauce.
Pro Flasche kostet der Wein acht Euro.;Each bottle of vine costs eight euros.
Zweihundert Gramm Fleisch bitte.;Two hundred gramms of meat please.
Fünfhundert Gramm sind ein Pfund.;Five hundred gramms are one pound.
Zwei Pfund sind ein Kilogramm.;Two pounds are one Kilogramm.
Wasser kocht bei hundert Grad Celsius.;Water boils at a hundred degree celsius.
tausend Mililiter sind ein Liter.;a thousand mililiter are one liter.
Wir trinken zwei Liter Wasser am Tag.;We drink two liters of water every day.
Der Mann trinkt einen halben Liter Wein.;The man drinks half a liter of vine.
Der Fleischer verkauft die Wurst in der Dose.;The butcher`s sells sausage out of the can.
Zwei Scheiben Wurst bitte.;Two slices of sausage please.
Möchtest du Butter auf dein Brot?;You want butter on your bread?
Der Käse kommt aus Deutschland.;The cheese is from Germany.
Ich schneide die Wurst in Scheiben.;I cut the sausage into slices.
Die Frau kocht ein Ei für das Kind.;The woman cooks an egg for the child.
Geben sie ein bisschen Mehl in die Soße.;Add a little bit of flour to the sauce.
Reichst du mir bitte den Pfeffer.;Can you pass me the pepper please.
Nur ein bisschen Salz bitte.;Just a little bit of salt please.
Ich möchte ein bisschen Zucker in meinen Tee bitte.;I want a little bit of sugar in my tea please.
Sie kocht mit viel Öl.;She cooks with a lot of oil.
Es ist viel Essig am Salat.;There is a lot of vinegar in the salad.
Die Nudeln kochen in zwei Minuten.;The noodles cook in two minutes.
Ich nehme noch einen Teller Reis bitte.;I take one more plate with rice please.
Der Fisch ist sehr frisch.;The fish is very fresh.
Ich esse kein Fleisch.;I dont eat meat.
Der Kunde kauft Geflügel.;The customer buys poultry.
Schneide das Brot bitte in Scheiben.;Please cut the bread in slices.
Ich schneide das Brötchen in zwei Hälften.;I cut the roll into two parts.
Der Kuchen im cafe ist sehr teuer.;The cake in the cafe is very expensive.
Da ist zu viel Salz an der Suppe.;There is too much salt in the soup.
Mein Kind bekommt keine Pommes Frites.;My child doesnt get any french fries.
Kinder mögen Schokolade.;Children like chocolate.
Geben sie mir noch ein bisschen Eis bitte.;Give me a little bit of icecream please.
Ich esse ein Brötchen mit Honig.;I eat a roll with honey.
Der Schinken kostet nur fünf Euro das Kilo.;The ham costs five euros for one kilogramm.
Die Marmelade ist aus Erdbeeren.;The jam is made of strawberries.
Ich möchte einen Kaffee mit Sahne bitte.;I want one coffee with cream please.
Der Mann kocht eine Soße aus Zwiebeln und Tomaten.;The man cooks a sauce out of onions and tomatoes.
Das Schnitzel kostet zwölf Euro im Restaurant.;The Schnitzel costs 12 Euros in the restaurant.
Die Lebensmittel im Supermarkt sind sehr günstig.;The foods in the supermarket are very cheap.
Tee Kaffee und Saft sind Getränke.;Tea, coffee and juice are drinks.
Ich trinke nur Bier.;I only drink beer.
Ich mag keinen Wein.;I dont like vine.
Ich möchte meinen Kaffee mit Milch und Zucker bitte.;I want my coffee with milk and sugar please.
Ich nehme ein bisschen Zucker in meinen Tee bitte.;I take a little bit of sugar in my tea please.
Das Kind mag Milch.;The child likes milk.
Der Saft ist sehr süß.;The juice is very sweet.
Ich trinke Mineralwasser aus der Flasche.;I drink mineral water out of the bottle.
Auf dem Markt gibt es frisches Gemüse.;There are fresh vegetables on the market.
Der Supermarkt verkauft gutes Essen.;The supermarket sells good food.
Am Kiosk gibt es kein Gemüse.;There kiosk does not have vegetables.
Ich kaufe ein Brot in der Bäckerei.;I buy one bread in the bakery.
Die Fleischerei verkauft Fleisch.;The butcher's sells meat.
Der Frisör ist sehr teuer.;The hair stylist is very expensive.
Ich trinke einen Kaffee im cafe.;I drink one coffee in the cafe.
Das Restaurant hat gutes Essen.;the restaurant has good food.
Es gibt nur Süßigkeiten in dem Geschäft.;There are only sweets in this store.
Die Kinder mögen kein Gemüse.;the children dont like vegetables.
Ich möchte eine Aubergine bitte.;I want one eggplant please.
Magst du keine Paprika?;You dont like paprika?
Ich esse Spinat mit Reis.;I eat spinach with rice.
Wir kochen Bohnen mit Kartoffeln und Soße.;We cook beans with potatoes and sauce.
Geben sie mir bitte ein Kilo Erbsen.;Give me a kilogramm of peas please.
Die Karotten kosten zwei Euro das Kilo.;The carots cost two euros per kilo.
Ich kaufe Mais aus der Dose.;I buy corn out of the can.
Die Kartoffeln sind verfault.;The potatoes are rotten.
Die Tomaten kommen aus Deutschland.;The tomatoes come from Germany.
Ich möchte nur eine Gurke bitte.;I want just one cucumber please.
Die Frau schneidet die Zwiebel in das Essen.;The woman cuts the onion into the meal.
Ich esse keine Zucchini.;I dont eat Zucchini.
Der Mann kocht eine Pilzsoße.;The man cooks a mushroom sauce.
Geben sie einhundert Gramm Nüsse in den Salat.;Add one hundred gramms of nuts to the salad.
Ich möchte keinen Salat bitte.;I dont want salad please.
Der Geldautomat gibt kein Geld aus.;The cash machine doesn't give out money.
Heute sind Erdbeeren im Angebot.;Strawberries are on offer today.
Welchen Preis haben die Tomaten?;Which price do the tomatoes have?
Der Kunde bezahlt an der Kasse.;The customer pays at the cashier.
In meiner Geldbörse sind hundert Euro.;There are 100 euros in my purse.
Ich habe meinen Ausweis in der Brieftasche.;I have my identity card in my wallet.
Die Rechnung kommt später.;The bill comes later.
Schreiben sie bitte ihre Kontonummer auf.;Please write down your account number.
Meine Bankleitzahl ist auf dem Formular.;My bank code is on the form.
Ich zahle mit Kreditkarte.;I pay with creditcard.
ich habe das Geld in meiner Geldbörse;I have the money in my purse.
In Deutschland zahlen sie mit Euros.;in Germany you pay with euros.
Haben sie noch zehn Cent?;Do you have another ten cents?
Mein Geld ist auf der Bank.;My money is in the bank.
Ich mag meine Mutter gerne.;I like my mother.
Die meisten Zitronen sind sauer.;Most lemons are sour.
Natürlich möchte ich Milch in meinen Kaffee.;Of course I want milk in my coffee.
Ich mag das nicht.;I don`t like that.
Ich nehme noch einen Kaffee.;I take one more coffee.
Ich habe nur zwei Euro.;I have only two euros.
Der Supermarkt ist zu.;The supermarket is closed.
Die Flasche ist auf.;The bottle is open.
Ich möchte Mineralwasser aus der Flasche.;I want mineral water out of the bottle.
Ab zwei Kilo kosten die Tomaten nur zwei Euro.;starting with two kilos tomatoes cost two euros
Er verkauft aber kein Brot.;But he does not sell bread.
Die Nudeln sind da.;The noodles are there.
Sie nimmt doch zwei Kilo Tomaten.;She takes yet two kilogramm of tomatoes.
Es ist egal.;it does not matter.
Ich habe eine Tüte dabei.;I have a bag with me.
Ich bin satt.;I am full.
Die Zitrone ist sehr sauer.;The lemon is sour.
Die Erdbeeren sind zu süß.;The strawberries are too sweet.
Die Suppe ist nicht sehr scharf.;The soup is not very spicy.
Ich mag mein Essen salzig.;I like my food salty.
Der Honig ist sehr billig.;The honey is very cheap.
Das Brot in der Bäckerei ist teuer.;The bread in the bakery is expensive.
Ich zahle in bar.;I pay in cash.
Die Milch im Supermarkt ist günstig.;The milk in the supermarket is cheap.
Ich möchte ein Kilo frische Tomaten bitte.;I want one kilo of fresh tomatoes please.
rot;red
gelb;yellow
blau;blue
grün;green
braun;brown
grau;grey
schwarz;black
weiß;white
rosa;pink
orange;orange
lila;purple
kurz;short
gleich;same
anders;different
neu;new
alt;old
preiswert;cheap
besonders;especially
weich;soft
echt;real
sich ausziehen;to undress oneself
sich anziehen;to dress oneself
empfehlen;to recommend
passen;to fit
vergleichen;to compare
gehören;to belong to
tragen;to wear
gefallen;to like
ausgeben;to spend
brauchen;to need
die Kleidung;the cloth
die Hose;the pants
der Rock;the skirt
das Kleid;the dress
die Bluse;the blouse
das Hemd;the shirt
der Anzug;the suit
die Krawatte;the tie
das Kostüm;the costume
der Pullover;the pullover
die Weste;the vest
das T-Shirt;the T-Shirt
die Jeans;the jeans
die Jacke;the jacket
der Mantel;the coat
die Mütze;the hat
der Handschuh;the gloves
der Schal;the scarf
das Kopftuch;the headscarf
der Gürtel;the belt
der Schuh;the shoe
der Stiefel;the boot
die Socke;the sock
das Unterhemd;the undershirt
die Unterhose;the under pants
die Farbe;the colour
der Ring;the ring
die Qualität;the quality
das Kaufhaus;the department store
die Ermäßigung;the reduction
das Sonderangebot;the special offer
jede;every
letzte;last
denn;because , for
manche;some
beide;both
mehrere;several
dafür;for that
eigene;own
einverstanden;agreed
paar;a few
bis zu;up to
einige;some
ohne;without
sondern;but
Das Kind zieht seine Kleidung aus.;The child takes off his clothes.
Der Mann zieht sich an.;The man puts on his clothes.
Der Verkäufer empfiehlt die rote Jacke.;The seller recommends the red jacket.
Passen dir die Schuhe?;Do these shoes fit you?
Die Frau vergleicht die Sonderangebote.;The woman compares the special offers.
Die Socken gehören meinem Kind.;The socks belong to my child.
Sie trägt ein rotes T-Shirt und einen kurzen Rock.;She wears a red T-Shirt and a short skirt.
Gefällt dir mein Pullover?;Do you like my pullover?
Ich gebe nur zwanzig Euro aus.;I only spend twenty euros.
Brauchen sie auch noch ein Hemd?;Do you need another shirt.
Du trägst schöne Kleidung.;You wear nice clothes.
Ziehen sie bitte die Hose aus.;Please take off your pants.
Die Frau zieht sich einen anderen Rock an.;The woman puts on another skirt.
Dein Kleid ist rot.;Your dress is red.
Ihre Bluse ist sehr teuer.;Her blouse is very expensive.
Wir tragen das gleiche T-Shirt.;We wear the same T-shirt.
Der Gast trägt einen billigen Anzug.;The guest wears a cheap suit.
Der Verkäufer gibt mir eine rote Krawatte.;The seller gives me a red tie.
Das Kostüm ist ein Sonderangebot.;The costume is a special offer.
Geben sie mir eine Ermäßigung für den Pullover.;Do you give me a discount for this pullover?
Der Mann trägt keine Weste.;The man wears no vest.
Das T-Shirt passt dem Kind nicht.;The t-shirt doesnt fit the child.
Seine Jeans sind blau.;His jeans are blue.
Der Verkäufer empfiehlt dem Mann die schwarze Jacke.;The seller recommends the black jacket to the man.
Den Mantel kaufe ich nicht.;I dont buy this coat.
Das Kind zieht eine gute Mütze an.;The child puts on a good hat.
Die Frau trägt keine Handschuhe.;The woman does not wear gloves.
Dein Schal gefällt mir.;I like your scarf.
Ich gebe nur zehn Euro für das Kopftuch aus.;I only spend ten euros for the headscarf.
Gehört dir der Gürtel?;Does this belt belong to you?
Meine Schuhe sind zu alt.;My shoes are too old.
Die Stiefel gehören mir nicht.;These boots dont belong to me.
Ich brauche neue Socken.;I need new socks.
Das Kind trägt kein Unterhemd.;The child wears no undershirt.
Meine Unterhosen kommen aus Deutschland.;My underpants are from Germany.
Die Hose hat eine schöne Farbe.;This pair of pants has a nice color.
Sie trägt einen schönen Ring.;She wears a nice ring.
Die Qualität der T-Shirts ist sehr schlecht.;The quality of the shirt is very bad.
Ich kaufe meine Kleidung im Kaufhaus.;I buy my clothes in the department store.
Ich brauche eine Ermäßigung, sonst kaufe ich die Hose nicht.;I need a reduction, else I dont buy these pants.
Der Pullover ist ein Sonderangebot.;This pullover is a special offer.
Jede Hose kostet nur zwanzig Euro.;Each pair of pants costs only twenty euros.
Das ist das letzte grüne T-Shirt.;That is the last green t-shirt.
Ich brauche kein T-Shirt, denn ich habe noch viele.;I dont need a shirt, because I still have many.
Manche Geschäfte haben keine Socken mehr.;Some stores dont have socks anymore.
Beide Hosen sind sehr schön.;Both pair of pants are very beautiful.
Ich brauche mehrere T-Shirts.;I need a couple of t-shirts.
Ich gebe ihnen nur zehn Euro dafür.;I only give you ten euros for that.
Sind das ihre eigenen Schuhe?;Are these your own shoes.
Ich bin einverstanden.;I agree.
Der Mann braucht ein paar Schuhe.;The man needs a pair of shoes.
Die T-Shirts kosten bis zu dreißig Euro.;The t-shirts cost up to thirty euros.
Wir haben nur einige Jacken.;We only have a couple of jackets.
Die Hose verkaufen wir ohne den Gürtel.;We sell the pants without the belt.
Du brauchst kein T-Shirt sondern einen Pullover.;You dont need a t-shirt but a pullover.
Das Kind trägt ein rotes T-Shirt.;The child wears a red shirt.
Ich möchte bitte eine gelbe Jacke.;I want a yellow jacket please.
Die Frau trägt ein blaues Kopftuch.;The woman wears a blue headscarf.
Mein Pullover ist grün.;My pullover is green.
Die Farbe seiner Hose ist braun.;The color of his pants is brown.
Er trägt eine graue Mütze.;He wears a gray hat.
Wir brauchen schwarze Schuhe.;We need black shoes.
Wem gehören die weißen Socken?;Whom do the white socks belong to?
Ihr Kostüm ist rosa.;Her costume is pink.
Ich kaufe den orangenen Rock.;I buy the orange skirt.
Ich trage keine lila Hose.;I wear no purple pants.
Die Frau trägt einen kurzen Rock.;The woman wears a short skirt.
Ich helfe ihnen gleich.;I will help you immediately.
Haben sie auch andere T-Shirts?;Do you have other t-shirts?
Mein Kind braucht neue Schuhe.;My child needs new shoes.
Seine Jacke ist sehr alt.;His jacket is very old.
Die Kleidung in dem Geschäft ist sehr preiswert.;The clothes in the store are very cheap.
Das Kleid ist besonders schön.;This dress is especially beautiful.
Sein Pullover ist sehr weich.;His pullover is very soft.
Die Jeans ist eine echte Levis.;This jeans is a real levis.
duschen;to shower
baden;to bathe
sich kämmen;to comb oneself
sich rasieren;to shave oneself
rauchen;to smoke
riechen;to smell
schmecken;to taste
sitzen;to sit
stehen;to stand
warten;to find
wehtun;to hurt
ansehen;to look at
da sein;to be there
dauern;to last
sagen;to say
abgeben;to hand over
passieren;to happen
untersuchen;examine
wehtun;to hurt
anschauen;to look at
mitnehmen;to bring with
müssen;to have to
dürfen;may
melden;to notify
tun;to do
vermeiden;to avoid
wirken;seem
warten;to wait
pflegen;to nurse
reagieren;to react
ausruhen;ro relax
hinfallen;to fall
zunehmen;to gain weight
beraten;to council
machen;to make
sollen;to shall
Bescheid sagen;to give the word
die Seife;the soap
das Shampoo;the shampoo
das Handtuch;the towel
die Zahnbürste;the toothbrush
die Zahnpasta;the toothpaste
die Creme;the cream
das Pflaster;the patch
das Medikament;medication
die Tablette;pill
der Arzt/ die Ärztin;the doctor
die Krankenschwester;the nurse
der Patient/ die Patientin;the patient
die Versichertenkarte;the insurance-card
die Praxis;the surgery
das Krankenhaus;the hospital
der Krankenwagen;the ambulance
der Verband;the bandage
die Vergangenheit;the past
die Fitness;the fitness
das Problem;the problem
die Reihenfolge;the order
das Mal;the times, one time
die Anmeldung;the reception
die Apotheke;the pharmacy
das Wartezimmer;the waiting room
die Ahnung;the suspicion
die Hilfe;the help
Versichertenkarte;the insurance card
die Vorsicht;the caution
der Alkohol;the alcohol
der Schnupfen;the sniff
die Besserung;the recovery
die Salbe;the salve
der Spaziergang;the walk
der Tipp;the hint
die Situation;the situation
der Notdienst;the emergency service
die Notrufnummer;the emergency phone number
Nichtraucher;non-smoker
der Körper;the body
der Kopf;the head
die Brust;the chest
das Bein;the leg
der Fuß;the foot
der Hals;the neck
der  Bauch;the belly
das Knie;the knee
der Zeh;the toe
der Rücken;the back
die Schulter;the shoulder
der Arm;the arm
der Ellbogen;the elbow
der Finger;the finger
die Hand;the hand
der Po;the butt
das Gesicht;the face
das Haar;the hair
die Nase;the nose
der Mund;the mouth
die Lippe;the lip
der Zahn;the tooth
die Zunge;the tongue
das Ohr;the ear
das Auge;the eye
die Haut;the skin
das Herz;the heart
der Schmerz;the pain
das Fieber;the fever
das Blut;the blood
die Krankheit;the sickness
die Gesundheit;the health
der Husten;the cough
die Diät;the diet
die Erkältung;the cold
die Bewegung;the movement
bei;at
bestimmt;surely
beste;the best
manchmal;sometimes
meistens;mostly
mal;one time
diese;this
endlich;finally
schließlich;finally
sonst;else
schon;already
deshalb;therefor
hoffentlich;hopefully
nie;never
damit;so that
gesund;healthy
krank;sick
tot;dead
dick;fat
dünn;thin
groß;big
klein;small
oft;often
ungesund;unhealthy
wichtig;important
plötzlich;suddenly
schlimm;terrible
persönlich;personally
selten;rare
möglich;possible
aktiv;active
normal;normal
schlank;slim
regelmäßig;regularly
Das Kind duscht abends.;The child showers in the evening.
Die Frau badet nie.;The woman never bathes.
Der Mann kämmt sich die Haare.;The man combs his hairs.
Ich rasiere mich immer morgens.;I always shave in the morning.
Das Kind raucht eine Zigarette.;The child smokes a cigarette.
Deine Füße riechen nicht gut.;Your feet dont smell good.
Das Essen schmeckt sehr gut.;The food tastes very good.
Der Patient sitzt im Wartezimmer.;The patient sits in the waiting room.
Ich stehe auf beiden Füßen.;I stand on both feet.
Ich warte auf die Krankenschwester.;I wait for the nurse.
Mein Bauch tut weh.;My belly hurts.
Der Arzt sieht sich meinen Körper an.;The doctor is looking at my body.
Die Seife ist nicht da.;The soap is not there.
Es dauert sehr lange beim Arzt.;It takes a lot of time at the doctor.
Sagen sie mir wo es weh tut.;Tell me where it hurts.
Geben sie bitte ihre Versichertenkarte in der Anmeldung ab.;Please give your insurance card to the reception.
Was ist passiert?;What happened?
Der Arzt untersucht den Patienten.;The doctor examines the patient.
Das muss sich der Arzt anschauen.;The doctor has to look at this.
Nehmen sie bitte ihre Versichertenkarte mit.;Please take your insurance card with you.
Sie müssen mehr trinken.;You have to drink more.
Sie dürfen nicht so viel rauchen.;You must not smoke so much.
Melden sie sich bitte beim Notdienst.;Please report to the emergency service.
Tun sie das nicht.;Dont do that.
Vermeiden sie bitte Alkohol.;Please avoid alcohol.
Das Medikament wirkt nicht.;The medication has no effect.
Sie wartet auf Hilfe.;She waits for help.
Die Krankenschwester pflegt den Mann.;The nurse cares for the man.
Sie müssen sofort reagieren.;You have to react immediately.
Die Frauen müssen sich ausruhen.;The women must rest.
Das Kind fällt hin.;The child falls.
Sie dürfen nicht noch mehr zunehmen.;You must not gain more weight.
Der Mann in der Apotheke berät die kranke Frau.;The man in the pharmacy councils the sick woman.
Sie müssen mehr Fitness machen.;You have to do more fitness.
Wie oft soll ich das Medikament nehmen?;How often shall I take the medication?
Sagen sie bitte im Wartezimmer bescheid.;please give the word to the waiting room.
Die Seife kostet nur zwei Euro.;The soap costs only two euros.
Das Shampoo ist aus dem Supermarkt.;The shampoo is from the supermarket.
Das Handtuch brauche ich nicht.;I dont need the towel.
Ich habe zwei Zahnbürsten.;I have two toothbrushes.
Das Kind nimmt keine Zahnpasta.;The child does not use toothpaste.
Der Arzt empfiehlt dem Mann eine Creme.;The doctor recommends a cream to the man.
Das Pflaster hilft nicht.;The patch doesnt help.
Das Medikament wirkt gut.;The medication has a good effect.
Ich nehme morgens und abends Tabletten.;I take pills in the morning and in the evening.
Der Arzt sagt du bist gesund.;The doctor says you are healthy.
Die Krankenschwester ist sehr schön.;The nurse is very beautiful.
Der Patient muss auf den Arzt warten.;The patient has to wait for the doctor.
Sie müssen ihre Versichertenkarte mitbringen.;You have to bring your insurance card with you.
Ich bin in der Arztpraxis.;I am in the doctors office.
Im Krankenhaus haben sie nichts gemacht.;In the hospital they did nothing.
Der Krankenwagen kommt zu uns.;The ambulance is coming to us.
Sie brauchen einen Verband.;You need a bandage.
In der Vergangenheit war meine Ernährung sehr schlecht.;In the past my nutrition was very bad.
Du musst mehr Fitness machen.;You have to do more Fitness.
Ich habe ein Problem mit dem Medikament.;I have a problem with the medication.
Im Wartezimmer gibt es eine Reihenfolge.;There is an order in the waiting room.
Sie war dieses Jahr fünf Mal krank.;She was sick five times this year.
Ich bin an der Anmeldung.;I am at the reception.
Die Apotheke verkauft dieses Medikament nicht.;The pharmacy doesnt sell this medication.
Warten sie bitte im Wartezimmer.;Please wait in the waiting room.
Ich habe keine Ahnung was das Problem ist.;I have no clue what the problem is.
Brauchen sie meine Hilfe?;You need my help?
Haben sie ihre Versichertenkarte dabei?;Do you have your insurance card with you?
Vorsicht mit Alkohol.;Careful with Alcohol.
Zu viel Alkohol ist schlecht für ihre Gesundheit.;Too much alcohol is bad for your health.
Ich habe nur einen Schnupfen.;I just have a sniff.
Gute Besserung.;get well soon.
Die Salbe hilft.;The salve helps.
Machen sie jeden Tag einen Spaziergang.;Take on walk every day.
Der Arzt hat mir einen guten Tipp gegeben.;The doctor has given me a good hint.
In ihrer Situation dürfen sie keinen Alkohol trinken.;In your situation you must not drink alcohol.
Ich sage dem Notdienst bescheid.;I give word to the emergency service.
Wählen sie bitte die Notrufnummer.;Please dial the emergency number.
Sind sie Nichtraucher?;Are you non-smoker?
Mein Körper ist gesund.;My body is healthy.
Mein Kopf tut weh.;My head hurts.
Deine Brust tut weh.;Your chest hurts.
Sein Bein ist dick.;His leg is thick.
Was ist mit deinem Fuß passiert?;What has happened with your foot?
Der Hals tut weh.;The neck hurts.
Ich habe Bauchschmerzen.;I have a pain in my belly.
Ich muss mein Knie ausruhen.;I have to relax my knee.
Dein Zeh ist sehr groß.;Your toe is very big.
Auf deinem Rücken ist Blut.;There is blood on your back.
Unsere Schultern sind schön.;Our shoulders are beautiful.
Der Arzt soll sich deinen Arm ansehen.;The doctor shall have a look at your arm.
Seit wann tut ihnen der Ellenbogen weh?;Since when does your elbow hurt?
Ich brauche einen Ring für meinen Finger.;I need a ring for my finger.
Die Hand des Kindes ist klein.;The hand of the child is small.
Ihr Po ist sehr dick.;Her butt is very fat.
Er hat ein schönes Gesicht.;He has a nice face.
Sie kämmt sich die Haare.;She combs her hair.
Mit deiner Nase musst du zum Arzt.;With your nose you have to go to the doctor.
Sie hat einen kleinen Mund.;She has a small mouth.
Meinen Lippen reagieren schlecht auf die Salbe.;My lips respond bad to the salve.
Mein Zahn tut sehr weh.;My tooth hurts very much.
Der Mann hat keine Zunge.;The man does not have a tongue.
Ich habe Ohrenschmerzen.;I have a pain in my ear.
Deine Augen sind gut.;Your eyes are good.
Ihre Haut ist ungesund.;Her skin is not healthy.
Der Mann braucht ein neues Herz.;The man needs a new heart.
Ich habe große Schmerzen.;I have a lot of pain.
Sie haben Fieber.;You have fever.
Du hast Blut auf deinem T-Shirt.;You have blood on your shirt.
Das Kind hat eine schlimme Krankheit.;the child has a bad illness.
Die Gesundheit ist sehr wichtig.;Health is very important.
Wie lange haben sie den Husten?;How long do you have the cough?
Sie müssen eine Diät machen.;You have to make a diet.
Ich habe nur eine Erkältung.;I only have a cold.
Das Kind braucht viel Bewegung.;The child needs a lot of movement.
Der Mann ist beim Arzt.;The man is at the doctor.
Brauchen sie ein bestimmtes Medikament.;Do you need a certain medication?
Die beste Medizin ist auch sehr teuer.;The best medication is also very expensive.
Manchmal rauche ich zu viel.;Sometimes I smoke too much.
Beim Arzt muss ich meistens warten.;Most of the time I have to wait at the doctor.
Nehmen sie das Medikament bitte drei mal am Tag.;Please take the medication three times a day.
Dieser Fuß tut nicht weh.;This foot does not hurt.
Endlich sind wir im Krankenhaus.;Finally we are at the hospital.
Sie sind schließlich nicht gesund.;You are not healthy after all.
Sie dürfen dem Kind keinen Alkohol geben sonst wird es krank.;You must not give alcohol to the child or else it will get sick.
Ich habe meine Tabletten heute schon genommen.;I have taken my pills already today.
Sie sind krank deshalb müssen sie das Medikament nehmen.;You are sick therefore you have to take the medication.
Hoffentlich wird mein Kind gesund.;Hopefully my child will be healthy.
Ich trinke nie Alkohol.;I never drink alcohol.
Ich nehme die Tabletten damit ich gesund werde.;I take the pills in order to become healthy.
Die Frau ist gesund.;The woman is healthy.
Der Mann ist krank.;The man is sick.
Der Patient ist tot.;The patient is dead.
Das Kind ist zu dick.;The child is too fat.
Wir müssen weniger essen damit wir dünner werden.;We have to eat less in order to become thinner.
Du hast eine große Nase.;You have a big nose.
Ich möchte nur einen kleinen Apfel.;I just want a small apple.
Wie oft gehst du zum Arzt?;How often do you go to the doctor?
Alkohol ist sehr ungesund.;Alcohol is not very healthy.
Ihre Gesundheit ist ihr sehr wichtig.;Her healthy is of great importance to her.
Plötzlich hat das Kind Fieber gehabt.;Suddenly the child has had fever.
Das ist eine schlimme Situation.;That is a terrible situation.
Das kann ich dem Mann nur persönlich sagen.;This I can tell the man only in person.
Wir sind sehr selten krank.;We are rarely sick.
Ein Termin heute ist nicht möglich.;An appointment today is not possible.
Der Mann ist noch sehr aktiv.;The man is yet very active.
Ich habe einen normalen Körper.;I have a normal body.
Sie hat einen sehr schlanken Körper.;She has a slim body.
Ich gehe regelmäßig zum Arzt.;I go to the doctor regularly.
sich freuen;to be glad
lachen;to laugh
weinen;to cry
sich hinlegen;to lie oneself down
wünschen;to wish
berichten;to report
Lust haben;to feel like
werden;to become
lächeln;to smile
denken;to think
sich sorgen;to worry about
leider;unfortunately
man;one (person)
immer;always
wirklich;really
schade;too bad
also;so
eigentlich;actually
glücklich;happy
zufrieden;satisfied
unglücklich;unhappy
lieb;nice
böse;evil
lustig;funny
traurig;sad
wach;awake
müde;tired
klar;sure
WAHR;true
prima;great
toll;very good
nett;nice
angenehm;pleasant
freundlich;friendly
Sie freut sich sehr über das Geschenk.;She is very glad about the present.
Das Kind lacht über den Mann.;The child laughs about the man.
Die Frau weint jeden Tag.;The woman cries every day.
Ich möchte mich jetzt gerne hinlegen.;I would like to lie down now.
Ich wünsche mir ein schönes Geschenk.;I wish a nice a present for me.
Das Kind berichtet von seinem Tag.;The child tells of its day.
Wir haben keine Lust zu kochen.;We dont feel like cooking.
Wirst du mir endlich helfen?;Will you finally help me?
Der Mann sagt Hallo und die Frau lächelt.;The man says hello and the woman smiles.
Ich denke das Restaurant ist nicht sehr gut.;I think the restaurant is not very good.
Der Arzt sorgt sich um die Gesundheit des Patienten.;The doctor worries about the health of his patient.
leider kann ich ihnen nicht helfen.;unfortunately I can not help you.
Das macht man hier nicht.;you do not do this here.
Ich habe wirklich großen Hunger.;I am really very hungry.
Schade das Restaurant ist schon zu.;Too bad, the restaurant is already closed.
Ich habe Hunger also esse ich eine Pizza.;I am hungry therefore I eat a Pizza.
Eigentlich möchte ich nicht mit Ihnen sprechen.;Actually I dont want to talk to you.
Ich bin nicht glücklich.;I am not happy.
Ich bin sehr zufrieden mit dir.;I am very pleased with you.
Ich bin heute sehr unglücklich.;Today I am very unhappy.
Ich habe dich sehr lieb.;I love you very much.
Das Kind war sehr böse.;The child was bad.
Der Kellner im Restaurant ist sehr lustig.;The waiter in the restaurant is very funny.
Jetzt bin ich traurig.;Now I am sad.
Heute morgen war ich früh wach.;Today morning I was awake early.
Das Kind hat wenig geschlafen und ist deshalb sehr müde.;The child slept only a little and is therefor very tired.
Na klar.;Of course.
Ist das wirklich wahr?;Is that really true?
Das hast du prima gemacht.;That you did fine.
Das ist wirklich ein tolles Restaurant.;That is really a great restaurant.
Der Gast aus Deutschland ist sehr nett.;The guest from Germany is very nice.
Es war sehr angenehm für mich.;It was very pleasant for me.
Der Verkäufer ist immer freundlich zu den Kunden.;The seller is always friendly with his customers.
fahren;to drive
einsteigen;to enter
aussteigen;to get off
reisen;to travel
fliegen;to fly
gehen;to go
laufen;to run
holen;to get
bringen;to bring
bleiben;to stay
treffen;to meet
suchen;to search
finden;to find
zeigen;to show
verabschieden;to say goodbye
verbinden;to connect
führen;to lead
mitkommen;come with
umsteigen;to change (bus)
mitbringen;bring with
planen;to play
hupen;to honk
organisieren;to organize
verreisen;to travel away
ankommen;to arrive
auspacken;to unpack
informieren;to inform
packen;to pack
parken;to park
abfahren;to depart
hingehen;to go there
schicken;to send
trennen;to seperate
wiederkommen;to come back
zurückfahren;to drive back
buchen;to book
wiedersehen;to see again
reservieren;to reserve
gelten;to apply to
mitfahren;to drive with
die Stadt;the city
das Dorf;the village
die Kirche;the church
das Hotel;the hotel
die Haltestelle;the stop
der Bahnhof;the train station
der Bahnsteig;the platform
der Flughafen;the airport
der Hafen;the port
der Strand;the beach
die Stadtmitte;the middle of the city
der Stadtplan;the city map
der Stadtteil;the district
das Stadtzentrum;citycenter
die Station;the station
die Stelle;the location
das Rathaus;the town hall
der Parkplatz;the parking space
das Zentrum;the center
die Hauptstadt;the capitol
die Großstadt;the big city
die Küste;the coast
das Einzelzimmer;room for one
das Doppelzimmer;room for two
der Platz;the place
der Abflug;the departure
die Ankunft;the arrival
das Gepäck;the luggage
der Koffer;the suitcase
die Tasche;the bag
der Zoll;duty
Achtung;attention
Hilfe;help
die Region;the region
die Übernachtung;the overnight stay
der Weg;the way
die Fußgängerzone;the pedestrian zone
die Reservierung;the reservation
der Ausflug;the trip
die Auskunft;the information
der Hinweis;the hint
die Linie;the line
die Nähe;the closeness
die Richtung;the direction
die Kontrolle;the control
die Zone;the zone
die Durchsage;the announcement
die Gebühr;the fee
die Rezeption;the reception
die Rückkehr;the come back
der Rucksack;the bag
der Sand;the sand
das Reisebüro;the travel agency
der Reiseführer;the travel guide
der Tourist/ die Touristin;the tourist
der Urlaub;the holidays
die Beschwerde;the complaint
der Verkehr;traffic
das Schild;a sign
die Ampel;the traffic light
die Kreuzung;the crossing
die Straße;the street
die Autobahn;the highway
die Brücke;the bridge
der Tunnel;the tunnel
die Tankstelle;the gas station
der Unfall;the accident
der Führerschein;the drivers licence
die Fahrt;the journey
das Auto;the car
der Radfahrer/ die Radfahrerin;the biker
das Fahrrad;the bike
der Lkw;the truck
das Taxi;the taxi
der Bus;the bus
die S-Bahn;the s-bahn
die U-Bahn;the subway
die Straßenbahn;the tram
der Zug;the train
das Flugzeug;the airplane
das Schiff;the ship
das Verkehrsmittel;the means of transportation
links;left
rechts;right
geradeaus;straight
vor;in front
zurück;behind
hier;here
durch;through
los;go ahead!
weg;away
dahinten;back there
davorne;over there
nun;now
wegen;because of
zwischen;between
dort;there
selbst;self
weiter;further
zurück;back
hin;forth
zurzeit;currently
der Fahrplan;the driving schedule
die Fahrkarte;the ticket
der Automat;the machine
die Ankunft;the arrival
das Gleis;the track
die Abfahrt;the departure
die Reise;the voyage
das Ticket;the ticket
die Strecke;the route
die Information;the information
die Ansage;the announcement
die Verbindung;the connection
verboten;forbidden
erlaubt;allowed
ganz;whole
kaputt;broken
schnell;fast
langsam;slow
lang;long
direkt;directly
zentral;central
selbstständig;independently
sicher;sure
weit;far
inklusive;inclusive
Das ist verboten.;that is forbidden.
Es ist nich erlaubt hier zu parken.;It is not allowed to park here.
Ich bin die ganze Strecke mit dem Zug gefahren.;I drove the whole route by train.
Das Auto war schon vor dem Unfall kaputt.;The car was already broken before the accident.
Mit dem Auto ist man schneller als mit dem Fahrrad.;You are faster with the train than with the bike.
Mit dem Fahrrad dauert es zu lange.;With the bike it takes too much time.
Wir haben eine lange Reise vor uns.;We have a long journey ahead of us.
Ich möchte bitte eine direkte Verbindung.;I would like to have a direct connection.
Wir wohnen zentral in der Stadt.;We live centrally in the city.
Ich komme selbstständig zurück.;I come back independently.
Manche Verkehrsmittel sind nicht sicher genug.;Some means of transportation are not safe enough.
Wie weit ist es zum Bahnhof?;How far is the train station?
Ist in diesem Preis alles inklusive?;Is this price all inclusive?
Er hat den Fahrplan nicht dabei.;He doesn't have the driving schedule with him.
Die Fahrkarten bitte.;Tickets please.
Du kannst die Fahrkarte am Automaten bezahlen.;You can pay the ticket at the machine.
Wann ist unsere Ankunft?;When is our arrival?
Auf welchem Gleis kommt der Zug an?;On which track does the train arrive?
Die Abfahrt ist um acht Uhr morgens.;The departure is eight o`clock in the morning.
Ich wünsche Ihnen eine schöne Reise.;I wish you a nice journey.
Ein Ticket nach Lissabon kostet zweihundert Euro.;A ticket to Lissabon costs two hundred euros.
Ich fahre nicht die ganze Strecke.;I dont drive the whole track.
Diese Information habe ich leider nicht.;Unfortunately I dont have this information.
Die Ansage sagt der Zug kommt zehn Minuten später.;The announcement says the train will come ten minutes later.
Das ist keine gute Verbindung.;That is not a good connection.
Gehen sie dahinten links bitte.;Please go to the left back there.
Sie müssen jetzt nach rechts fahren.;Now you have to drive to the right.
Gehen sie immer geradeaus bis zur Kirche dann links.;Go straight to the church than left.
Das Taxi steht vor dem Bahnhof.;The taxi stand before the train station.
Ich komme heute nicht mehr zurück.;I dont come back today.
Hier ist es schön.;It is nice here.
Wir sind schon durch Berlin gefahren.;We have driven through Berlin.
In zwei Minuten geht es los.;it starts in two minutes.
Du möchtest weg von hier.;You want to get away from here.
Dahinten ist nichts mehr.;Back there is nothing anymore.
Davorne ist das gute Restaurant.;Over there is a good restaurant.
Das Taxi kommt nun doch nicht.;The taxi is not coming after all.
Wegen eines Unfalls können sie hier nicht weiter fahren.;Due to an accident you can not continue to drive here.
Wir sind jetzt zwischen Dresden und Leipzig.;We are now between Dresden and Leipzig.
Ihr Bahnsteig ist dort.;You track is there.
Ich möchte meine Reise selbst organisieren.;I want to organize my voyage by myself.
Fahren sie heute noch weiter?;Do you drive further today?
Wann fahrt ihr wieder zurück?;When are you driving back again?
Wir fahren morgens hin und abends zurück.;We go there in the morning and return in the evening.
Zurzeit fahren keine Busse nach Dresden.;At the moment no buses drive to Dresden.
Ich möchte bitte ein Einzelzimmer.;I want a private room please.
Er braucht ein Doppelzimmer für sich und seine Frau.;He needs a Room for two for himself and his wife.
Wir haben genug Platz im Koffer.;We have enough space in our luggage.
Der Abflug ist um zwölf Uhr mittags.;Departure is at twelve o`clock (noon).
Bei der Ankunft melden sie sich bitte an der Rezeption.;Upon arrival please report to the reception.
Wer trägt das Gepäck?;Who carries the luggage?
Sie hat viel Kleidung in ihrem Koffer.;She has a lot of clothes in her suitcase.
Der Ausweis ist in meiner Tasche.;The identity card is in my bag.
Für die Flasche Wein muss ich drei Euro beim Zoll bezahlen.;For the bottle of vine I have to pay three euros at the customs duty.
Achtung auf der Autobahn ist ein Unfall.;Attention there is an accident on the highway.
Ich brauche Hilfe mit dem Formular.;I need help with the form.
In welcher Region möchten wir Urlaub machen?;In which region do we want to spend our holidays?
Wir haben zwei Übernachtungen gebucht.;We booked two overnight stays.
Den Weg zum Bahnhof findet man sehr leicht.;The way to the train station is very easy to find.
In der Fußgängerzone dürfen keine Autos fahren.;In the pedestrian zone cars are not allowed to drive.
Haben sie eine Reservierung?;Do you have a reservation?
Heute machen wir einen Ausflug in die Stadt.;Today we make a trip into the city.
Ich gehe zur Auskunft und hole mir eine Verbindung.;I go to the information and get a connection.
Können sie mir einen Hinweis geben?;Can you give me a hint please?
Sie müssen mit der Linie zwölf bis zur Haltestelle Goethestraße fahren.;You have to take line eight until the stop Goethestraße.
Ich bin in der Nähe vom Bahnhof.;I am near the train station.
In welche Richtung muss ich laufen?;In which direction do i have to run?
Er hat keine Kontrolle mehr über das Auto.;He has no control over the car anymore.
Darf ich mit meinem Busticket noch in dieser Zone fahren?;Am I allowed to drive in this zone with my bus ticket?
Achtung jetzt kommt eine Durchsage.;Attention there is an announcement.
Du musst eine extra Gebühr für dein Gepäck bezahlen.;You have to pay an extra fee for your luggage.
Damit müssen sie zur Rezeption gehen.;You have to go to the reception with that.
Bei meiner Rückkehr möchte ich etwas trinken.;Upon my return I want to drink something.
In meinem Rucksack ist kein Platz mehr.;There is no space anymore in my backpack.
Da ist Sand in meinen Schuhen.;There is sand in my shoes.
Das Reisebüro hat mir die Flugtickets für zweihundert Euro verkauft.;The travel agency sold me the flight tickets for two hundred euros.
Der Reiseführer sagt wir müssen in diese Richtung.;The travel guide says we have to go this direction.
Der Tourist sucht die Information.;The tourist is looking for the Information.
Wir machen Urlaub.;We are making holidays.
Ich habe eine Beschwerde.;I have a complaint.
Mein Auto ist sehr teuer.;My car is very expensive.
Der Radfahrer hat große Schmerzen nach dem Unfall.;The biker has great pain after the accident.
Ihr Fahrrad ist kaputt.;Her bike is broken.
Der LKW kann hier nicht parken.;The truck can not park here.
Wann kommt das Taxi endlich?;When does the taxi finally arrive?
Den Bus nehme ich nicht.;I dont take the bus.
Möchtet ihr mit der S-Bahn zum Flughafen fahren?;You want to go with the S-Bahn to the airport?
Ich fahre nicht gerne mit der U-Bahn.;I dont like to drive with the Underground.
Haben sie eine Fahrkarte für die Straßenbahn?;Do you have a ticket for the tram.
Der Zug fährt nur bis Dresden.;The train drives only until Dresden.
Das Flugzeug fliegt heute nicht mehr.;The airplane doesnt fly today anymore.
Mit dem Schiff ist es eine lange Reise.;Its a long journey by ship.
Welches Verkehrsmittel sollen wir nehmen?;Which means of transportation should we take?
In dieser Stadt gibt es keine U-Bahn.;There is no underground in this city.
In jedem Dorf steht eine Kirche.;There is a church in every village.
Sie geht jeden Tag in die Kirche.;She goes to church every day.
Dieses Hotel ist nicht sehr schön.;This hotel is not very nice.
An welcher Haltestelle muss ich aussteigen?;At which station do I have to exit?
Auf dem Bahnhof stehen viele Kinder.;Many children stand at the train station.
Auf welchem Bahnsteig fährt der Zug nach Dresden ab?;On which track does the train to Dresden depart
Wir müssen heute zum Flughafen.;We have to go to the airport today.
Wo finde ich den Hafen?;Where do I find the port?
Am Strand ist viel Sand.;There is a lot of sand on the beach.
In der Stadtmitte sind viele Hotels.;In the middle of the city there are many hotels.
Hast du einen Stadtplan dabei?;Have you a city guide with you?
In welchem Stadtteil wohnst du?;In which district do you live?
Alle Busse fahren in das Stadtzentrum.;All the busses go to the city centre.
Wir müssen fünf Stationen fahren.;We have to drive five stations.
An dieser Stelle hat vor fünf Jahren das Hotel gestanden.;There was a hotel at this place five years ago.
Mit diesem Formular müssen sie jetzt ins Rathaus gehen.;With this form you have to go to the town hall.
Endlich ein Parkplatz für unser Auto.;Finally a parking space for our car.
Wir wollen nicht ins Zentrum dort ist zu viel Verkehr.;We dont want into the centre there is too much traffic.
Berlin ist die Hauptstadt von Deutschland.;Berlin is the capital of Germany.
Bautzen ist keine Großstadt.;Bautzen is not a big city.
An der Küste gibt es viele Hotels.;There are many hotels on the coast.
Fährst du mit dem Auto?;You drive by car.
Das Kind steigt in das Auto ein.;The child enters the car.
Sie müssen hier aussteigen.;You have to exit here.
Ich reise schon zwei Monate.;I travel already two month.
Das Flugzeug fliegt nach New York,;The airplane flies to New York.
Er geht zum Supermarkt.;He goes to the supermarket.
Die Frauen laufen zum Bahnhof.;The women walk to the train station.
Ich hole ein Brot vom Bäcker.;I get a bread from the bakery.
Bringst du dein Fahrrad mit?;You bring your bike with you.
Wir bleiben noch eine Woche.;We stay one more week.
Der Mann trifft seine Frau am Bahnhof.;The man meets his wife at the train station.
Entschuldigung ich suche den Bahnhof.;Sorry I search the train station.
Wo finde ich das Hotel?;Where do I find the hotel?
Können sie mir bitte ihren Ausweis zeigen.;Can you please show me your identity card.
Die Frau verabschiedet sich von ihrem Kind.;The woman says goodbye to her child.
Können sie mich mit einem Taxi verbinden?;Can you connect me to a taxi.
Die Strecke führt an der Kirche vorbei.;The route leads past the church.
Kommst du mit?;Do you come with me?
Sie müssen in Dresden umsteigen.;You have to change trains in Dresden.
Bringen sie bitte ihre Fahrkarte mit.;Please bring your ticket with you.
Ich plane eine Reise nach Berlin.;I plan a voyage to Berlin.
Die Autos hupen an der Ampel.;The cars honk at the traffic lights.
Du musst deine Reise organisieren.;You have to organize your voyage.
Der Mann verreist für zwei Wochen.;The man travels for two weeks.
Wann kommen wir in Hannover an?;When do we arrive in Hannover.
Ich möchte jetzt meinen Koffer auspacken.;I would now like to unpack my suitcase.
Hast du dich über die Verbindung informiert?;Did you inform yourself about the connection.
Wir packen unsere Koffer.;We pack our suitcase.
Das Auto parkt vor dem Hotel.;The car parks in front of the hotel.
Wir wollen heute abfahren.;We want to depart today.
Da gehe ich nicht hin.;I dont go there.
Die Frau schickt ihr Kind zum Supermarkt.;The woman sends her child to the supermarket.
Der Mann und die Frau trennen sich am Bahnhof.;The man and his wife seperate at the train station.
Er kommt nie wieder.;He is never coming back.
Wir fahren heute zurück.;We drive back today.
Ich buche morgen meinen Urlaub im Reisebüro.;Tomorrow I book my vacation in the travel agency.
Sie möchte ihren Mann wiedersehen.;She want to see her man again.
Reservieren sie bitte ein Einzelzimmer.;please reserve a private room.
Das Ticket gilt heute nicht.;the ticket is not valid today.
Wir möchten bei dir mitfahren.;We want to drive with you.
Heute ist viel Verkehr.;There is a lot of traffic today.
Das Schild sagt hier darf man nicht parken.;The sign says you can not park here.
Die Ampel steht auf rot.;The traffic light shows red.
Die Ampel ist grün und ich fahre über die Kreuzung.;The traffic light shows green and I drive over the crossing.
Der Radfahrer fährt auf der Straße.;The biker drives on the street.
Auf der Autobahn fährt man schneller.;On the highway you drive faster.
Sie müssen über die Brücke gehen.;You have to go over the bridge.
Wir fahren jetzt durch einen Tunnel.;We drive through a tunnel.
Wir warten an der Tankstelle.;We wait on the gas station.
Auf der Autobahn war ein Unfall.;There was an accident on the highway.
Ich habe leider keinen Führerschein.;Unfortunately I dont have a drivers license.
Ich hatte eine lange Fahrt.;I had a long drive.
die Toilette;the toilet
das Toilettenpapier;the toilet paper
die Möbel;the furniture
das Bett;the bed
der Schrank;the closet
das Regal;the shelf
der Tisch;the table
der Stuhl;the chair
die Bank;the bank
der Sessel;the armchair
das Sofa;the couch
die Lampe;the lamp
der Teppich;the carpet
das Bild;the picture
der Schlüssel;the key
die Spülmaschine;the dishwasher
der Kühlschrank;the fridge
das Foto;the photo
der Kasten;the box
die Kerze;the candle
die Wäsche;the laundry
ausziehen;to move out
einziehen;to move in
messen;to measure
anmachen;to turn on
ausmachen;to turn off
aufmachen;to open
zumachen;to close
drücken;to push
halten;to hold
hängen;to hang
klopfen;to knock
legen;to put
liegen;to lie down
putzen;to clean
reparieren;to repair
stellen;to put
schieben;to push
ziehen;to pull
verlieren;to lose
fehlen;to miss
funktionieren;to function
fallen;to fall
ordnen;to arrange
steigen;to rise
abwaschen;to clean the dishes
klingeln;to ring
vermieten;to rent
wegbringen;to bring away
verschieben;to postpone
abschließen;to lock
benutzen;to use
reinigen;to clean
mieten;to rent
wechseln;to switch
sparen;to save
trocknen;to dry
wohnen;to live in
waschen;to wash
renovieren;to renovate
die Breite;the width
die Höhe;the height
die Tiefe;the depth
die Länge;the length
der Zentimeter;centimeter
der Meter;meter
der Qudratmeter;square meter
der Kilometer;kilometer
das Gewicht;the weight
das Gramm;one gramm
das Pfund;a pound
das Kilogramm;a kilogramm
Grad Celsius;one degree
der Milliliter;one mililitre
der Liter;one litre
ein halber Liter;half a liter
das Maß;the measure
die Platte;the plate
die Ordnung;the tidiness
die Unordnung;the mess
der Strom;the current
der Nachbar/ die Nachbarin;the neighbour
der Gegenstand;the thing
der Vermieter/ die Vermieterin;the landlord
das Girokonto;the checking account
das Konto;the account
die Mauer;the wall
der Lärm;the noise
die Ruhe;the silence
das Lager;the stock
der Makler/ die Maklerin;the broker
das Wasser;the water
die Sparkasse;the savings bank
die Garage;the garage
das Haus;the house
das Dach;the roof
der Dachboden;the attic
das Fenster;the window
der Balkon;the balcony
die Tür;the door
der Garten;the garden
das Erdgeschoss;groundfloor
der Keller;the basement
die Wohnung;the apartement
der Umzug;the move
der Eingang;the entry
der Ausgang;the exit
das Zimmer;the room
das Schlafzimmer;the sleeping room
das Wohnzimmer;the living room
das Bad;the bath
die Dusche;the shower
der Haushalt;the household
der Flur;the floor
der Gang;the corridor
die Heizung;the heater
der Hof;the courtyard
der Herd;the cooker
der Backofen;the stove
die Küche;the kitchen
der Aufzug;the elevator
das Schloss;the lock
die Treppe;the stairs
die Tonne;the ton
die Ecke;the corner
der Tagesablauf;the daily routine
die Technik;the technique
die Miete;the rent
der Müll;the waste
die Nebenkosten;the additional costs
an;on
auf;onto
neben;next to
über;above
unter;under
in;in
aus;out
durch;through
gegen;against
zwischen;between
um;around
vor;before
nach;after
mit;with
ohne;without
für;for
von;from
oben;up
unten;down
vorn;front
hinten;back
draußen;outside
drinnen;inside
darüber;above
dazu;to that
vorne;up front
so;so
breit;wide
schmal;narrow
leicht;light
schwer;heavy
hell;bright
dunkel;dark
leise;quiet
laut;loud
hoch;high
niedrig;low
gerade;straight
krumm;not straight
gebraucht;used
kühl;cool
praktisch;practical
die Sache;the thing
fertig;ready
rund;round
bequem;comfortable
hart;hard
trocken;dry
ruhig;silent
sauber;clean
Ich kann die Toilette nicht finden.;I can not find the toilet.
Wir haben kein Toilettenpapier mehr.;We have no toilet paper anymore.
Wir müssen alle Möbel in die andere Ecke schieben.;We have to push all the furniture into the other corner.
Ihr Bett ist sehr bequem.;Your bed is very comfortable.
Den Schrank solltest du nicht öffnen.;You should not open the closet.
Stell die Tasse einfach in das Regal.;Just put the cup into the shelf.
Kannst du bitte am Tisch essen.;Can you eat at the table please.
Sitz bitte ruhig auf deinem Stuhl.;Please sitz quiet on your chair.
Der Mann und die Frau sitzen auf der Bank.;The man and the woman are sitting on the bench.
Wer möchte jetzt im Sessel sitzen?;Who wants to sit in the armchair?
Auf dem Sofa kann man schlafen.;You can sleep on the couch.
Macht ihr bitte die Lampe an?;Can you turn on the lamp please.
Der Teppich war gestern noch sauber.;The carpet was clean yesterday.
Auf dem Bild ist eine Frau in ihrem Garten.;There is a woman in her garden on the picture.
Der Schlüssel passt nicht in das Schloss.;The key doesnt fit into the lock.
Warum hast du die Spülmaschine nicht angemacht?;Why did you not turn on the dish washer.
Stell die Milch bitte in den Kühlschrank.;Put the milk into the fridge please.
Auf dem Foto sind viele Kinder.;There are many children on the photograph.
Was ist in dem Kasten?;What is in the box?
Kannst du bitte eine Kerze anmachen es ist zu dunkel.;Can you light a candle please it is too dark.
Wann ist die Wäsche fertig?;When is the laundry finished?
Der Schrank ist zu breit für den Flur.;The closet is too broad for the corridor.
Wir müssen das Bett durch den schmalen Gang tragen.;We have to carry the bed through the narrow corridor.
Die Lampe ist leicht zu tragen.;The lamp is easy to carry.
Die Tür geht schwer aufzumachen.;The door is difficult to open.
Unser Wohnzimmer ist schön hell.;Our living room is nicely bright.
Am Abend ist es dunkel im Hof.;In the evening its dark in the courtyard.
Wir müssen leise sein.;We have to be silent.
Das Kind war gestern Abend sehr laut.;The child was very loud yesterday evening.
Der Schrank ist zu hoch für mich kannst du mir bitte helfen?;The closet is too high for me can you help me please?
Ich möchte einen niedrigen Tisch.;I would like to have a low table.
Das Foto soll gerade an der Mauer hängen.;The photograph should hang straight on the Wall.
Warum ist die Banane krumm?;Why is the banana not straight?
Wir müssen unsere Möbel gebraucht kaufen.;We have to buy our furniture used.
Im Kühlschrank ist es kühl.;Its cool in the fridge.
Ein Aufzug ist sehr praktisch.;An elevator is very practical.
Geh bitte nicht an meine Sachen.;Please dont go through my things.
Wir sind endlich fertig mit renovieren.;We are finally finished renovating.
Ihr habt einen runden Tisch gekauft.;You have bought a round table.
Der Sessel ist wirklich bequem.;The armchair is really comfortable.
Das Sofa ist mir zu hart zum schlafen.;The couch is too hard to sleep for me.
Ist die Wäsche schon trocken?;Is the laundry dry already?
Auf dem Balkon ist es schön ruhig.;It is nicely quiet on the balcony.
Die Küche ist nicht sauber.;The kitchen is not clean.
Wir treffen uns am Ausgang.;We meet each other at the exit.
Stell das Glas bitte auf den Tisch.;Put the glass  on the table please.
Wir hängen das Bild neben den Schrank.;We hang the picture next to the closet.
Ich laufe über den Teppich.;I walk over the carpet.
Unter dem Teppich ist leider kein Geld.;Unfortunately there is no money under the carpet.
In der Spülmaschine ist viel Geschirr.;There is a lot of dishes in the dish washer.
Ich hole eine Jacke aus dem Schrank.;I get a jacket from the closet.
Du musst durch den Gang gehen.;You have to go through the corridor.
Das Kind ist gegen die Mauer gelaufen.;The child ran against the wall.
Sie wählt zwischen den beiden Bildern aus.;She is choosing between the two pictures.
Läufst du um das Haus?;Are you running around the house?
Ich warte vor dem Eingang.;I wait before the entrance.
Die Frau geht nach dem Mann.;the woman walks behind the man.
Der Mann kommt mit seinem Kind.;The man is coming with his child.
Die Frau kommt ohne ihren Mann.;The woman is coming without her man.
Das Geld ist nicht für dich.;The money is not for you.
Das Geld ist von meiner Frau.;The money is from my wife.
Wir wohnen ganz oben.;We live way up.
Geh bitte nach unten.;Please go down.
Von vorn sieht das Haus schön aus.;From the front the house looks nice.
Da hinten ist nichts mehr.;Behind there there is nothing anymore.
Wir gehen jetzt nach draußen.;We go outside now.
Warum bist du noch drinnen?;Why are you inside yet?
Kannst du den Schrank bitte darüber stellen?;Can you put the closet there please?
Gib noch ein bisschen Salz dazu.;Add a little bit of salt please.
Da vorne gibt es noch ein Hotel.;There is yet one hotel.
So viel Geld für so wenig Essen.;So much money for so little food.
Der Mann stellt sein Auto in die Garage.;The man puts his car into the garage.
Wir wohnen zur miete in unserem Haus.;We just live for rent in our house.
Das Dach ist kaputt und muss repariert werden.;The roof is broken and has to be repaired.
Stell das Bild bitte auf den Dachboden.;Put the picture on the attic please.
Kannst du bitte das Fenster öffnen.;Can you open the window please.
Die Frau Steht auf dem Balkon.;The woman is standing on the balcony.
Hinter dieser Tür ist die Toilette.;Behind this door is the toilet.
Das Haus hat einen schönen Garten.;The house has a beautiful garden.
Ich wohne im Erdgeschoss und muss keine Treppe laufen.;I live in the ground floor and dont have to walk the stairs.
Kannst du heute bitte den Keller reinigen.;can you clean the basement please.
Wir ziehen in eine neue Wohnung.;We move into a new apartment.
Den Umzug machen wir ohne Hilfe.;We do the move without help.
Dort vorne ist der Eingang.;The entrance is there.
Entschuldigung ich kann den Ausgang nicht finden.;Excuse I can not find the exit.
In seinem Zimmer steht nur ein Bett und ein Schrank.;There is only a bed and a closet in his room.
Das Bett steht im Schlafzimmer.;The bed is standing in the sleeping room.
Stellen sie das Sofa bitte in das Wohnzimmer.;Put the couch into the living room please.
Im Bad putze ich meine Zähne.;I brush my teeth in the bathroom.
Gehst du jetzt unter die Dusche?;Are you going under the shower now?
Die Frau führt den Haushalt.;The woman is in charge of the household.
Durch diese Tür kommen sie in den Flur.;Through this door you come into the floor.
Ich wohne ganz hinten im Gang.;I live in the back of the corridor.
Können sie bitte die Heizung anmachen?;Can you turn on the heating please.
Das Haus hat einen schönen Hof.;The house has a nice courtyard.
Den Herd habe ich gebraucht gekauft.;I bought the cooker used.
Der Backofen ist nicht kaputt.;The stove is not broken.
Ich gehe in die Küche und mache etwas zu essen.;I go into the kitchen and make something to eat.
Ich wohne im Erdgeschoss und brauche keinen Aufzug.;I live in the ground floor and dont need an elevator.
Können sie bitte das Schloss zumachen.;Can you close the lock please.
Ich muss den ganzen Tag Treppen laufen.;I have to walk stairs all day long.
Können sie die Tonne dorthin stellen bitte.;Can you put the ton there please.
Ich gehe um die Ecke.;I go around the corner.
Ich habe jeden Tag den gleichen Tagesablauf.;Every day I have the same routine.
Die Technik im Haus funktioniert noch nicht.;The technique in the house is not working.
Meine Miete ist viel zu hoch.;My rent is way too high.
Wer bringt den Müll weg?;Who brings out the waste?
Ich kann die Nebenkosten nicht mehr bezahlen.;I can not pay the additional costs anymore.
Passt der Schrank in der Breite?;Does the closet fit in width?
Wir müssen noch die Höhe messen.;We have to measure the height yet.
Kannst du bitte die Tiefe des Schranks messen?;Can you measure the depth of the closet please?
In der Länge passt der Kühlschrank nicht in das Auto.;The fridge doesnt fit into the car in length.
Bitte auf den Zentimeter genau messen.;Please measure exactly by the centimeter.
Der Schrank ist zwei Meter hoch.;The closet is two meters high.
Wie viele Quadratmeter hat die Wohnung?;How many square meters does the aparment have?
Wieviele Kilometer sind es bis Dresden?;How many Kilometers is Dresden away?
Das Gewicht ist zu hoch für den Aufzug.;The weight is too high for the elevator.
Zweihundert Gramm Fleisch bitte.;Two hundred gramms of meat please.
Ich nehme ein Pfund Tomaten.;I take one pound of tomatoes.
Können sie mir bitte zwei Kilogramm Äpfel in meine Tüte geben?;Can you give me two kilogramms of apples in a bag please.
Wasser kocht bei einhundert Grad Celsius.;water boils at a hundred degrees.
Das müssen wir in Mililiter messen.;We have to measure this in mililiter.
Er hat einen Liter Bier getrunken.;He has drunken one liter of beer.
Ein halber Liter Wein ist zu viel für mich.;Half a liter of vine is too much for me.
Wir brauchen noch die Maße der Wohnung.;We still need the measures of the apartment.
Die Flasche kannst du auf die Platte stellen.;You can put the bottle on the plate.
Wir müssen hier mal Ordnung machen.;We have to tidy up here.
Deine Unordnung ist wirklich schlimm.;Your messiness is really terrible.
Wieviel bezahlen sie für ihren Strom?;How much do you pay for your electricity?
Unser Nachbar ist wirklich sehr freundlich.;Our neighbour is really very friendly.
Was ist das für ein Gegenstand?;What kind of thing is this?
Der Vermieter ist möchte mehr Geld haben.;The landlord wants to have more money.
Auf meinem Girokonto ist kein Geld mehr.;There is no money on my checking account anymore.
Unser Konto ist im Minus.;Our account is in the minus area.
Das Kind steht auf der Mauer.;The child is standing on the wall.
Der Lärm von den Autos ist schlecht für die Gesundheit.;The noise of the cars is bad for health.
Ich brauche endlich ein bisschen Ruhe.;i finally need some quiet.
Bring die Sachen bitte in das Lager.;Put the things into the stock.
Der Makler hat eine Wohnung für uns gefunden.;The broker found an apartment for us.
Das Kind soll viel Wasser trinken.;The child shall drink a lot of water.
Ich gehe gerne zur Sparkasse.;I like to go to the sparkasse (bank name)
Wir möchten nächste Woche aus unserer Wohnung ausziehen.;Next week we want to move out of our appartment.
Wann werden sie einziehen?;When will you move in?
Wir messen die Breite des Schrankes.;We measure the width of the closed.
Nachts machen wir das Licht an.;We turn on the light in the night.
Wenn es hell ist machen wir das Licht wieder aus.;When it is bright we turn off the lights.
Können sie mir bitte die Tür aufmachen.;Can you open the door for me please.
Das Kind hat die Tür nicht zugemacht.;The child did not close the door.
Der Mann drückt gegen die Mauer aber nichts passiert.;The man pushes against the wall but nothing happens.
Die Frau hält ihr Kind im Arm.;The woman holds her child in her arm.
Wo hängt das Bild?;Where is the picture hanging?
Klopfen sie mal gegen die Tür.;Just knock against the door.
Leg das Messer hier hin.;Put the knife down.
Auf dem Tisch liegen einhundert Euro.;A hundred Euros lie on the table.
Das Kind kann sich ohne Hilfe die Zähne putzen.;The child can brush its teeth without help.
Wir müssen das Auto reparieren.;We have to repair the car.
Den Tisch kannst du da vorne hinstellen.;You can put the table there.
Hilfst du mir den Tisch in die Ecke zu schieben?;Can you help me pushing the table into the corner.
Wir ziehen den Teppich ein bisschen nach links.;We pull the carpet a little bit to the left.
Der Kellner hat seinen Geldbeutel verloren.;The waitor lost hist wallet.
Es fehlen noch zwei Stühle.;Two chairs are missing.
Das Auto funktioniert nicht mehr.;The car doesnt work anymore.
Dir sind zwei Euro aus der Tasche gefallen.;Two euros were falling out of you bag.
Wir müssen die Wäsche nach schwarzer und weißer Kleidung ordnen.;We have to divide the laundry by black and white clothes.
Treppen steigen mag ich nicht.;I dont like to climb the stairs.
Muss ich schon wieder abwaschen?;Do I have to do the dishes again?
Klingeln sie einfach an der Tür damit er ihnen aufmacht.;Just ring on the door so that he opens it for you.
Wir vermieten diese Wohnung nicht.;We dont rent this flat.
Er bringt jeden Morgen den Müll weg.;He brings away the thrash every morning.
ich möchte das Sofa gerne verschieben.;I would like to move the couch.
Kann man die Toilette abschließen?;Is it possible to close the toilet.
Der Stuhl ist kaputt bitte benutzen sie einen anderen.;The chair is broken please use another one.
Jetzt müssen wir den Teppich reinigen.;We have to clean the carpet now.
Wir mieten diese Wohnung.;We rent this flat.
Kann dein Mann bitte das Toilettenpapier wechseln;Can your husband change the toilet paper please.
Duschen ist besser als baden weil man Wasser spart.;Showering is better that to bathe because you save water.
Die Wäsche braucht Stunden um zu trocknen.;The laundry needs hours to dry.
Wer wohnt denn hier?;Wo lives here?
Kannst du bitte meine Wäsche mit waschen?;Can you also wash my laundry.
Wie lange werden wir zum renovieren brauchen?;How low will we take to renovate?
loslassen;to let go
kennen;to know
erkennen;to recognize
erzählen;to tell
reden;to talk
küssen;to kiss
aussehen;to look like
erziehen;to educate
geboren sein;to be born
leben;to live
erlauben;to allow
klappen;to work out fine
rufen;to shout for
betreuen;to look after
die Familie;the family
die Großeltern;the grandparents
der Großvater;the grandfather
die Großmutter;the grandmother
die Eltern;the parents
der Vater;the father
die Mutter;the mother
der Sohn;the son
die Tochter;the daughter
der Papa;the dad
die Mama;the mum
die Geschwister;the siblings
der Bruder;the brother
die Schwester;the sister
die Tante;the aunt
der Onkel;the uncle
der Cousin;the cousin
die Cousine;the female cousin
das Ehepaar;the married couple
der Mann;the mann
die Frau;the woman
der Freund;the friend
die Freundin;the female friend
der Partner;the partner
die Partnerin;the female partner
die Leute;the people
der Herr;the mister
das Baby;the baby
der Erwachsene/ die Erwachsene;the adult
der Jugendliche/ die Jugendliche;the teen
das Gespräch;the conversation
der Kinderwagen;the baby carriage
der Kuss;the kiss
die Hochzeit;the marriage
das Leben;the life
der Mensch;the human
die Geschichte;the history
die Gruppe;the group
der Babysitter/ die Babysitterin;the babysitter
der Kontakt;the contact
der Bekannte/ die Bekannte;the acquaintance
die Verwandten;the relatives
der Treffpunkt;the meeting point
jemand;someone
andere;other
sogar;even
jung;young
alt;old
schön;pretty
hässlich;ugly
reich;rich
arm;poor
stark;strong
schwach;weak
allein;alone
zusammen;together
verliebt;to be in love
allein;alone
anders;different
bekannt;known
berühmt;famous
fremd;foreign
schwanger;pregnant
Für mich ist meine Familie sehr wichtig.;My family is very important for me.
Meine Großeltern sind sehr alt.;My grandparents are very old.
Mein Großvater kann nicht mehr laufen.;My grandfather can not run anymore.
Deine Großmutter sieht noch sehr jung aus.;You grandmother looks still very young.
Die Eltern meiner Freundin mögen mich nicht.;The parents of my girlfriend dont like me.
Ich möchte nicht mit deinem Vater reden.;I dont want to talk to your father.
Meine Mutter ist wieder schwanger.;My mother is pregnant again.
Ihr Sohn isst sehr viel.;Her son is eating a lot.
Unsere Tochter fährt mit dem Auto nach Dresden.;Our daughter drives with her car to dresden.
Mein Papa ist der beste.;My dad is the best.
Ich liebe meine Mama.;I love my mother.
Die Geschwister mögen sich nicht.;The sibblings don't like each other.
Ist das dein Bruder?;Is that your brother?
Meine Schwester heißt Monique.;My sister is called monique
Seine Tante ist vierzig Jahre alt.;His aunt is fourty years old.
Mein Onkel ist der Vater meiner Cousine.;My uncle is the father of my cousin.
Mein Cousin ist der Sohn meiner Tante.;My cousin is the sohn of my aunt.
Meine Cousine ist die Tochter meines Onkels.;My female cousin is the daughter of my uncle.
Sie sind seit dreißig Jahren ein Ehepaar.;They have been a married couple for thirty years.
Mein Mann hat sich neu verliebt.;My husband is newly in love.
Seine Frau ist sehr reich.;His wife is very rich.
Ihr Freund ist häßlich aber reich.;Her friend is ugly but rich.
Die schöne Frau da vorne ist meine Freundin.;The pretty woman there is my girlfriend.
Ich suche einen Partner.;I am looking for a partner.
Haben sie eine Partnerin?;Do you have a female partner?
Die Leute wollen mehr Geld.;The people want more money.
Kann ich ihnen helfen mein Herr.;Can I help you sir?
Das ist aber ein schönes Baby.;That is a beautiful baby.
Ein Erwachsener ist älter als achtzehn Jahre.;An adult is older than eighteen years.
Ein Jugendlicher ist ein bisschen Kind und ein bisschen Erwachsener.;A teen is a little bit child and a little bit adult.
Ich hatte ein gutes Gespräch mit meinem Sohn.;I had a good conversation with my son.
Im Kinderwagen war kein Kind.;There was no child in the baby carriage.
Ich habe dem Baby einen Kuss gegeben.;I gave a kiss to the baby.
Wann ist eure Hochzeit?;When is your marriage?
Das Leben in Deutschland ist teuer.;Life in Germany is very expensive.
Ich kenne so viele Menschen.;I know so many people.
Der alte Mann erzählt uns seine Geschichte.;The old man is telling us a story.
Wir kochen für eine große Gruppe.;We are cooking for a big group.
Der Babysitter möchte dreißig Euro haben.;The babysitter wants to have thirty euros.
Ich hatte schon lange keinen Kontakt mehr zu meinen Eltern.;I didnt have contact with my parents for a long time.
Das ist nur ein Bekannter.;That is just an acquaintance.
Alle Verwandten kommen zu unserer Hochzeit.;All relatives come to our marriage.
Wo ist der Treffpunkt?;Where is the meeting point.
Die Großeltern lassen das Kind nicht mehr los.;The grandparents dont let the child go anymore.
Ich kenne meinen Vater nicht.;I dont know my father.
Erkennst du deinen Sohn nicht mehr?;Do you not recognize your son anymore?
Der Großvater erzählt von der Zeit als er jung war.;The grandfather tells of the time when he was young.
Die Leute reden schon über euch.;People are already talking about you.
Der Großvater küsst die Großmutter.;The grandfather is kissing the grandmother.
Du siehst wie deine Mutter aus.;You look like your mom.
Sie müssen ihre Tochter besser erziehen.;You have to educate your daughter better.
Wann ist dein Onkel geboren?;When was your uncle born?
Mein Onkel lebt nicht mehr.;My uncle doesnt live anymore.
Die Mutter erlaubt ihren Kindern noch etwas zu essen.;The mother allows her children to eat some more.
Das hat nicht geklappt.;That did not work.
Unsere Tante ruft uns zum Abendessen.;Our aunt is calling us to diner.
Der Babysitter betreut unsere Kinder.;The baby sitter is looking after our children.
Kann mir jemand helfen?;can someone help me?
ich möchte andere Eltern.;I want different parents.
Sogar deine Familie mag dich nicht.;Even your family doesnt like you.
Mein Vater ist jünger als meine Mutter.;My father is younger than my mother.
Meine Mutter ist älter als mein Vater.;My mother is older than my father.
Seine Freundin ist sehr schön.;His girlfriend is beautiful.
Meine Kinder sind nicht häßlich.;My children are not ugly.
Ich werde später sehr reich.;I will be very rich in the future.
Unsere Großeltern sind sehr arm.;Our grandparents are very poor.
Junge Männer sind sehr stark.;Young men are strong.
Alte Menschen sind oft schwach.;Old people are often weak.
Ich möchte jetzt bitte allein sein.;I want to be alone now please.
Wollen wir zusammen mit deinen Eltern reden?;Do we want to talk together with your parents?
Die Jungendlichen sind verliebt.;The teens are in love.
Dein Sohn ist ein bisschen anders.;Your son is a little bit different.
Seine Geschwister sind mir bekannt.;His siblings are known to me.
Sein Großvater war sehr berühmt.;His grandfather is very famous.
Wer ist der fremde Mann?;Who is the strange man?
Von wem ist sie schwanger?;Whom is she pregnant from?
spielen;to play
lernen;to learn
studieren;to study
fragen;to ask
antworten;to answer
ankreuzen;to check
buchstabieren;to spell
schreiben;to write
lesen;to read
sprechen;to speak
hören;to hear
sehen;to see
erklären;to explain
markieren;to mark
notieren;to make a note
ergänzen;to add
kontrollieren;to control
raten;to guess
stimmen;to be true
üben;to practise
überlegen;to think about
vorlesen;to read out loud
wissen;to know
ersetzen;to replace
zuhören;to listen to
beachten;to pay attention
eintragen;to register
korrigieren;to correct
nachschlagen;to research
wiederholen;to repeat
der Kindergarten;the kindergarden
der Erzieher/ die Erzieherin;the educator
das Spielzeug;the toy
die Schule;the school
der Schüler/ die Schülerin;the schoolboy
der Lehrer/ die Lehrerin;the teacher
die Universität;the university
der Dozent/ die Dozentin;the lecturer
der Student/ die Studentin;the student
die Frage;the question
die Antwort;the answer
die Aufgabe;the exercise
die Lösung;the solution
der Fehler;the mistake
die Prüfung;the exam
der Test;the test
der Buchstabe;the letter
das Wort;the word
der Satz;the sentence
der Text;the text
der Stift;the pen
das Papier;the paper
das Buch;the book
die Brille;the glasses
der Anfang;the beginning
die Mitte;the middle
das Ende;the end
die Volkshochschule;the evening school
das Beispiel;the example
der Kurs;the course
die Liste;the list
der Bleistift;the pencil
das Heft;the exercise book
der Kuli;the pen
die Schere;the scissor
die Hausaufgabe;the homework
die Tabelle;the table, the chart
die Tafel;the blackboard
die Klasse;the class
der Ausdruck;the expression
die Notiz;the note
der Fall;the fall
der Punkt;the point
das Wörterbuch;the dictionary
die Regel;the rule
die Ausnahme;the exception
die Idee;the idea
der Schluss;the end
die Seite;the page
der Unterricht;the teaching
der Zettel;the piece of paper
richtig;right
FALSCH;wrong
interessant;interesting
langweilig;boring
einfach;easy
schwer;difficult
intensiv;intensively
Der Großvater spielt mit dem Baby.;The grandfather is playing with the baby.
Die Kinder lernen in der Schule.;The children learn in school.
Die jungen Leute studieren an der Universität.;The young people study at the university.
Kann ich dich etwas fragen?;Can I ask you something?
Wann antwortest du mir endlich?;When will you finally answer me?
Sie müssen die richtige Antwort ankreuzen.;You have to check the correct answer.
Kannst du das Wort buchstabieren?;Can you spell the word?
Wir schreiben einen Text über Deutschland.;We are writing a text about Germany.
Hast du das Buch gelesen?;Have you read the book?
Der Mann spricht mit seiner Frau über sein Auto.;The man is talking with his wife about the car.
Kannst du das Baby hören?;Can you hear the baby?
Ich sehe dich nicht.;I dont see you.
Der Lehrer erklärt den Kindern die Aufgabe.;The teacher explains the task to the children.
Du musst die Wörter die du nicht verstehst markieren.;You have to mark the words that you dont understand.
Kann ich mir bitte ihre Telefonnummer notieren?;Can I write down your phone number please.
Du musst den Satz ergänzen.;You have to complete the sentence.
Der Lehrer kontrolliert den Test.;The teacher checks the test.
Wenn du es nicht weißt musst du raten.;If you dont know you have to guess.
Stimmt meine Lösung?;Is my solution correct?
Du musst noch viel üben.;You still have to practice a lot.
Überleg bitte noch ein bisschen.;Please think about this a little bit more.
Wer möchte den Text vorlesen?;Who wants to read out loud the text?
Wer weiß die richtige Antwort?;Who knows the correct answer?
Du hast es kaputt gemacht jetzt musst du es mir ersetzen.;You broke it know you have to replace it for me.
Ihr sollt mir zuhören.;You shall listen to me.
Beachtet bitte die dritte Aufgabe.;Please pay attention to the third task.
Tragt die Hausaufgabe bitte in euer Hausaufgabenheft ein.;Please register your homework in your homework organizer book.
Korrigieren sie bitte die falschen Antworten.;Please correct the wrong answers.
Das Wort kannst du im Wörterbuch nachschlagen.;You can research the word in the dictionary.
Kannst du das bitte wiederholen.;Can you repeat that please?
Die kleinen Kinder gehen in den Kindergarten.;The small children go to the kinder garden.
Die Kinder hören den Erziehern nicht zu.;The children dont listen to the educators.
Ein Kindergarten braucht viel Spielzeug.;A Kindergarden needs a lot of toys.
In der Schule kann man etwas lernen.;In school you can learn something.
Die Schüler machen ihre Hausaufgaben.;The pupils do they homeworks.
Der Lehrer fragt die Schüler.;The teacher asks the students.
An der Universität muss man viel lernen.;At the university you have to learn a lot.
Der Dozent macht sehr guten Unterricht.;The lecturer is giving a good teaching.
Die Studenten haben ihre Aufgaben nicht gemacht.;The students didnt do their tasks.
Ich habe eine Frage.;I have a question.
Kennen sie die Antwort?;You know the answer?
Der Test hat sechzig Aufgaben.;The test has sixty exercises.
Ich weiß die Lösung.;I know the solution.
Meine Tochter hat null Fehler im Test.;My daughter has zero mistakes in the test.
Die Studenten lernen für die Prüfung.;The students learn for the exam.
Der Arzt macht einen Test.;The doctor makes a test.
Was ist das für ein Buchstabe?;What letter is this.
Mir fehlen die Worte.;I have no words for this.
Kannst du bitte in ganzen Sätzen sprechen.;Can you speak in whole sentences please.
Was steht in dem Text?;Was is written in this text?
Kannst du mir bitte deinen Stift geben.;Can you give me your pen please?
Schreib bitte deinen Namen auf das Papier.;Please write down your name on the paper.
Öffnet bitte eure Bücher.;Please open your books.
Der Lehrer trägt eine Brille.;The teacher wears glasses.
Der Anfang ist immer am schwersten.;The beginning is always the most difficult.
Ich bin in der Mitte des Tests.;I am in the middle of the test.
Wir sind am Ende der heutigen Unterrichtsstunde.;We are at the end of todays lesson.
Erwachsene Menschen können an der Volkshochschule lernen.;Adult people can learn at the evening school.
Geben sie mir bitte ein Beispiel mit diesem Wort.;Please give me an example with this word.
Der Kurs ist sehr schwer.;The course is very difficult.
Schreiben sie bitte ihre Telefonnummer in die Liste.;Please write your phone number into the list.
Mein Bleistift ist kaputt.;My pencil is broken.
Ich habe die Aufgabe in mein Heft geschrieben.;I have written the exercise into my exercise book.
Ich schreibe lieber mit Kuli.;I prefer to write with a pen.
Die Mutter schneidet das Papier mit einer Schere.;The mother cuts the paper with a scissor.
Hast du deine Hausaufgaben gemacht?;Did you do your homework?
Macht bitte eine Tabelle.;Please create a table.
Der Lehrer schreibt den Satz an die Tafel.;The teacher writes the sentence on the blackboard.
Die ganze Klasse lacht über den Lehrer.;The whole class is laughing about the teacher.
Dein Ausdruck ist nicht gut.;Your expression is not very good.
Die Studenten machen sich Notizen.;The students take notes.
Welcher Fall ist das?;Which case is this?
Am Ende des Satzes kommt ein Punkt.;At the end of the sentence is a dot.
Suchen sie das Wort bitte im Wörterbuch.;Look for the word in the dictionary please.
Kennst du die Regel?;You know the rule?
Das ist eine Ausnahme.;That is an exception.
Ich habe eine Idee.;I have an idea.
Für heute ist Schluss.;For today its finished.
Das Buch hat über zweihundert Seiten.;The book has more than two hundred pages.
Der Unterricht bei Herrn Müller ist wirklich intensiv.;The teachings with mr Müller are really intense
Können sie mir bitte einen kleinen Zettel geben damit ich ihre Telefonnummer aufschreiben kann.;Can you give me a piece of paper so that I can write down my phone number please?
Ist das richtig?;Is that correct?
Das ist falsch.;That is not correct.
Das Buch ist sehr interessant.;The book is very interesting.
Sein Unterricht ist wirklich langweilig.;His teachings are really boring.
Der Test war sehr einfach.;The test was very easy.
Die Aufgabe ist zu schwer für die Schüler.;The exercise ist too difficult for the students.
Wir müssen jetzt endlich intensiv lernen.;We have to learn intensively now.
telefonieren;to phone
simsen;to write sms
klicken;to click
fernsehen;to watch tv
anrufen;to call
erreichen;to reach
weltweit;worldwide
vereinbaren;to agree
drucken;to print
nennen;to name
überweisen;to transfer money
installieren;to install
die Postleitzahl;the postal code
die Karte;the card
das Fax;the fax
der Brief;the letter
die Briefmarke;the stamp
der Absender/ die Absenderin;sender
der Empfänger/ die Empfängerin;receiver
das Telefon;the phone
das Handy;the cellphone
die SMS;the sms
das Telefonbuch;the phonebook
die Telefonnummer;the phonenumber
das Internet;the internet
die E-Mail;the email
der Computer;the computer
der Bildschirm;the screen
die Maus;the mouse
die Tastatur;the keyboard
der Drucker;the printer
die Zeitung;the journal
die Zeitschrift;the newspaper
die Anzeige;the ad
die CD;the cd
der CD-Player;the cd-player
das Radio;the radio
der Fernseher;the tv
die Kiste;the case
die Schachtel;the box
das Internet;the internet
der Internetanschluß;the internet connection
die Vorwahl;the area code
die Überweisung;the transfer of money
der Anrufbeantworter;the answering machine
der Gruß;the greeting
der Anruf;the call
das Amt;the office
der Monitor;the monitor
Ich telefoniere morgen mit meiner Mutter.;Tomorrow I talk to my mother on the phone.
Kannst du mir die Kontonummer simsen.;Can you send me the account number by sms.
Du musst mit der Maus klicken.;You have to click with the mouse.
Die Kinder wollen immer nur fernsehen.;The children always want to watch television.
Kannst du mich morgen anrufen?;Can you call me tomorrow?
Ich habe sie leider nicht erreicht.;Unfortunately I haven't reached you.
Mit diesem Handy kann ich weltweit sehr preiswert telefonieren.;With this cellphone I can call worldwide very cheaply.
Wir müssen einen Preis für das Auto vereinbaren.;We have to agree on a price for the car.
Ich drucke ihnen den Text aus.;I print the text for you.
Nennen sie mir bitte ihren Namen.;Tell me you name please.
Wir müssen jeden Monat die Miete an unseren Vermieter überweisen.;Each month we have to transfer our rent to our landlord.
Kann er Windows auf meinem Computer installieren?;Can he install windows on my computer?
Nennen sie mir bitte ihre Postleitzahl.;Tell me your postal code please.
Ich habe meiner Mutter eine schöne Karte geschickt.;I have sent a nice card to my mother.
Wir können der Bank ein Fax schicken.;We can send a fax to the bank.
Wir müssen dem Amt einen Brief schreiben.;We have to write a letter to the office.
Hast du eine Briefmarke für den  Brief?;Do you have a stamp for the letter?
Du musst den Absender auf den Brief schreiben.;You have to write the sender on the letter.
Jetzt habe ich den Empfänger vergessen.;I have just forgotten the receiver.
Kannst du mal bitte an das Telefon gehen?;Can you please go on the phone.
Ihr habt sehr viele Kontakte auf eurem Handy.;You have many contacts on your cellphone.
Ich schicke dir schnell eine SMS.;I write quickly a SMS to you.
Du findest seine Nummer im Telefonbuch.;You find his number in the phonebook.
Weißt du die Telefonnummer vom Amt?;You know the phone number of the office?
Ich gehe ins Internet.;I go on the internet.
Ich habe keine Antwort auf meine E-Mail bekommen.;I have not received an answer to my E-Mail.
Der Computer ist leider kaputt.;Unfortunately the computer is broken.
Der Bildschirm funktioniert wieder.;The screen works again.
Ich habe keine Maus für meinen Computer.;I have no mouse for my computer.
Meine Mutter schreibt sehr mit zehn Fingern auf der Tastatur.;My mother writes with ten fingers on the keyboard.
Geht der Drucker?;Does the printer work?
Mein Freund kauft sich eine Zeitung am Kiosk.;My friend buys a journal at the kiosk.
Ich lese lieber eine Zeitschrift.;I prefer to read a newspaper.
Da steht eine Anzeige für eine Wohnung in der Zeitung.;There is an advertisment for an apartement in the journal.
Wir benutzen keine CDs mehr.;We dont use CDs anymore.
Der CD-Player ist schon alt.;The CD-Player ist already old.
Ich höre Radio beim putzen.;I listen to the radio when I clean.
Wir brauchen einen neuen Fernseher.;We need a new television.
Der Vater öffnet die Kiste.;The father opens the case.
In der Schachtel sind nur alte CDs;There are only old CDs in the box.
Ohne Internet ist es langweilig.;Its boring without the internet.
Wir haben noch keinen Internetanschluß in unserer neuen Wohnung.;We dont yet have internet connection in our new apartment.
Du musst die Vorwahl wählen.;You have to dial the area code.
Hast du gestern die Überweisung gemacht?;Did you make the money transfer yesterday?
Ich habe ihm auf den Anrufbeantworter gesprochen.;I spoke on his answering machine.
Sag ihm einen schönen Gruß von mir.;Give him greetings from me.
Hast du seinen Anruf bekommen?;Did you receive his phone call?
Ich muss schon wieder zum Amt.;I have to go to the office again.
Was steht dort auf dem Monitor?;What is on the monitor?
der Sport;the sport
Basketball;basketball
Fußball;soccer
Jogging;jogging
Handball;handball
Tennis;Tennis
Tischtennis;tabletennis
Volleyball;volleyball
der Ball;the ball
der Spaziergang;to go hiking
das Schwimmbad;the swimming pool
die Sporthalle;the gym
der Sportplatz;the sports ground
das Kino;the cinema
das Museum;the museum
das Theater;the theater
der Alltag;the everyday
der Rhythmus;the rhythm
der Spielplatz;the playground
der Verein;the club
die Kamera;the camera
die Musik;the music
die Aktivität;the activity
die Bibliothek;the library
der Biergarten;the beer garden
der Eintritt;the entry
das Konzert;the concert
der Krimi;the thriller
der Bundestag;the german parliament
die Disco;the disco
das Picknick;the picnic
die Kultur;the culture
die Möglichkeit;the possibility
das Programm;the program
die Sehenswürdigkeit;the sight
die Erfahrung;the experience
das Ziel;the goal
der Club;the club
das Fest;the party
die Bar;the bar
das Spiel;the game
der Spaß;the fun
schwimmen;to swim
tanzen;to dance
wandern;to hike
malen;to paint
werfen;to throw
fangen;to catch
sammeln;to collect
glauben;to believe
feiern;to celebrate
grillen;to make a barbecue
trainieren;to practise
träumen;to dream
zeichnen;to draw
besichtigen;to visit
erleben;to experience
eröffnen;to open
singen;to sing
historisch;historical
spannend;exciting
noch einmal;one more time
Ich gehe jeden Tag schwimmen.;I go swimming every day.
Wir tanzen die ganze Nacht.;We dance all night.
Wir sind zwei Stunden gewandert.;We were hiking for two hours.
Es macht mir großen Spaß zu malen.;It great fun for me to paint.
Kannst du den Ball bitte zu mir werfen?;You you throw the ball to me please?
Das Kinder hat den Ball nicht gefangen.;The child did not catch the ball.
Mein Vater sammelt Briefmarken.;My father collects stamps.
Ich glaube das nicht.;I dont believe that.
Wir gehen jedes Wochenende feiern.;We make party on every weekend.
Ich habe abends mit meiner Familie gegrillt.;In the evening I made a barbecue with my family.
Wir müssen zwei Mal am Tag trainieren.;We have to practise twice a day.
Wenn ich schlafe träume ich viel.;When I sleep I dream a lot.
Kannst du schon ein Haus zeichnen?;Can you draw a house yet?
Wir besichtigen die Sehenswürdigkeiten der Stadt.;We look at the sights of the city.
Wir haben heute sehr viel erlebt.;We experienced a lot today.
In Berlin eröffnet ein neues Museum.;A new museum is opening in Berlin.
Ich singe gerne beim wandern.;I like to sing while hiking.
Der Arzt sagt du sollst mehr Sport machen.;The doctor says you should do more sports.
Die Kinder spielen Basketball.;The children play basketball.
Es kommt wieder Fußball im Fernsehen.;There is soccer on the television again.
Ich mache viel Jogging.;I do a lot of jogging.
Er spielt sehr gut Handball.;He plays Handball very good.
Ich kann leider kein Tennis.;Unfortunately I can not play tennis.
Tischtennis macht mir großen Spaß.;Tabletennis is great fun for me.
Beim Volleyball muss man groß sein.;You have to be very tall at volleyball.
Wer hat den Ball gefangen?;Who has caught the ball?
Komm wir machen einen Spaziergang.;Lets go for a walk.
Die ganze Familie geht am Samstag in das Schwimmbad.;On Saturday the whole family goes to the swimming pool.
Im Sportunterricht geht die Klasse in die Sporthalle.;In the sportslesson the wole class goes into the gym.
Heute müssen wir auf den Sportplatz.;Today we have to go to the sports ground.
Die jungen Leute gehen gerne ins Kino.;The young people like to go to the cinema.
Alte Leute gehen gerne ins Museum.;Old people like to go to the museum.
Das Theater ist nichts für mich.;The theater is not for me.
Wie sieht dein Alltag aus?;What does your daily routine look like?
Beim Schwimmen braucht man einen guten Rhythmus.;At swimming you need a good rhythm.
Wir gehen mit unserem Sohn auf den Spielplatz.;We go to the playground with our son.
Gibt es hier einen Fußballverein?;Is there a soccer club here
Du musst viele Fotos mit deiner Kamera machen.;You have to make many pictures with your camera.
Aus dem Radio kommt schöne Musik.;There is nice music coming from the radio.
Wir müssen mehr Aktivitäten machen.;We have to do more activities.
In der Bibliothek gibt es viele Bücher.;There are many books in the library.
Im Sommer gehen die Leute in den Biergarten.;In Summer people like to go to the beer garden.
Der Eintritt kostet sechs Euro.;The entrance costs six euros.
Das Konzert war wirklich schön.;The concert was really nice.
Ich habe einen schlimmen Krimi gelesen.;I have read a terrible thriller.
Die Klasse besichtigt den Bundestag.;The class is visiting the Bundestag (german parliament).
Die Jugendlichen gehen gerne in die Disco.;The teens like to go to the disco.
Verliebte Leute machen gerne ein Picknick.;People who are in love like to make picnic.
Ich finde die deutsche Kultur sehr interessant.;I find German culture very interesting.
Es gibt so viele Möglichkeiten.;There are so many possibilities.
Der Mann installiert das Programm auf dem Computer.;The man install the program on the computer.
Ich habe viele Sehenswürdigkeiten gesehen.;I have seen many sights.
Hast du Erfahrung mit Autos?;Do you have experience with cars?
Unser Ziel ist es gut Fußball zu spielen.;Our goal is to play soccer well.
Im Club kann man tanzen.;You can dance in the club.
Wir feiern viele Feste.;We celebrate many partys.
Wir gehen an die Bar und trinken noch ein Glas Wein.;We go to the bar and drink another glass of vine.
Hast du das Spiel gesehen?;Have you seen the game?
Ich hatte keinen Spaß.;I had no fun.
Im Museum sieht man historische Gegenstände.;you see historical things in the museum.
Der Vater erzählt eine spannende Geschichte.;The father is telling an exciting story.
Ich möchte noch einmal ins Schwimmbad.;I want to go to the swimming pool once more.
arbeiten;to work
telefonieren;to phone
zusammenarbeiten;to work together
anmelden;to register
anstellen;to employ
anstrengend;exhausting
leidtun;to feel sorry
klären;to clarify
aufhören;to quit
erfinden;to invent
testen;to test
die Firma;the company
der Empfang;the lobby
das Büro;the office
der Schreibtisch;the desk
die Arbeit;the work
der Chef/ die Chefin;the boss
der Kollege/ die Kollegin;the colleague
die Pause;the break
der Feierabend;closing time
der Stundenlohn;the hourly wage
das Projekt;the project
die Voraussetzung;the condition
die Vorbereitung;the preparation
das Interview;the interview
die Kantine;the canteen
das Team;the team
die Überstunde;the hour of overtime
der Erfolg;the success
die Arbeitsstelle;the workplace
der Bedarf;the need
die Feuerwehr;the fire department
die Pünktlichkeit;the punctuality
der Vorteil;the advantage
die Ausbildung;the schooling
die Berufsausbildung;the occupation schooling
der Ausbau;the extension
der Bereich;the area
der Betrieb;the business
die Bezahlung;the payment
die Buchhandlung;the bookstore
der Direktor/ die Direktorin;the director
der Ingenieur/ die Ingenieurin;the engineer
der Angestellte/ die Angestellte;the employee
die Bewerbung;the application
der Beruf;the occupation
der Anwalt/ die Anwältin;the lawyer
der Arbeiter/ die Arbeiterin;the worker
der Bäcker/ die Bäckerin;the baker
der Bauer/ die Bäuerin;the farmer
der Briefträger/ die Briefträgerin;the postman
der Elektriker/ die Elektrikerin;the electrician
der Fleischer/ die Fleischerin;the butcher
der Gärtner/ die Gärtnerin;the gardener
die Hausfrau;the housekeeper
der Hausmeister/ die Hausmeisterin;the caretaker
der Klempner/ die Klempnerin;the plumber
der Koch/ die Köchin;the cook
der Maler/ die Malerin;the painter
der Maurer/ die Maurerin;the mason
der Mechaniker/ die Mechanikerin;the mechanic
der Polizist/ die Polizistin;the policeman
der Schneider/ die Schneiderin;the tailor
der Sekretär/ die Sekretärin;the secretary
die Rolle;the role
das Gehalt;the wage
der Job;the job
der Künstler/ die Künstlerin;the artist
der Meister/ die Meisterin;the master
der Politiker/ die Politikerin;the politician
der Sänger/ die Sängerin;the singer
der Arbeitsplatz;the workingplace
das Praktikum;the practical training
frei;free
gleichmäßig;equally
zuverlässig;reliable
fleißig;diligent
üblich;usual
ideal;ideal
netto;net (wage)
arbeitslos;unemployed
brutto;gross
Ich arbeite immer werktags.;I always work during working days.
Wir müssen endlich zusammenarbeiten.;We have to work together finally.
Er möchte sich für die Ausbildung anmelden.;He wants to register for schooling.
Wie viele Arbeiter stellen sie an?;How many workers do you employ?
Die Arbeit als Bäcker ist sehr anstrengend.;The work as a baker is very hard.
Es tut mir leid aber sie können hier nicht arbeiten.;I am sorry but you can not work here.
Das müssen sie mit ihrer Arbeitsstelle klären.;You have to clarify that at your workplace.
Der Bäcker ist krank und muss mit seiner Arbeit aufhören.;The baker is sick and has to quit his work.
Wir erfinden neue Handys.;We invent new cellphones.
Ich muss die Computer testen.;I have to test the computers.
Meiner Firma geht es gut.;My company is doing well.
Können sie sich bitte am Empfang melden?;Can you go and talk to the reception please?
Der Chef sitzt in seinem Büro und wartet.;The boss is sitting in his office and waits.
Auf meinem Schreibtisch liegt viel Geld.;A lot of money lies on my desk.
Ich brauche eine neue Arbeit.;I need a new work.
Mein Chef ist sehr fleißig. ;My boss is very hardworking.
Ihre Kollegen sind sehr freundlich zu ihr.;Her colleagues are very friendly with her.
Ich brauche jetzt endlich eine Pause.;I finally need a break.
Wann haben wir Feierabend?;When is closing time?
Für einen Stundenlohn von drei Euro arbeite ich nicht.;I dont work for an hourly wage of three euros.
Dieses Projekt wird sehr teuer.;This project will be very expensive.
Haben sie die Voraussetzungen für diese Arbeitsstelle?;Do you have the requirements for this working place?
Brauche ich eine Vorbereitung für den Test?;Do I need a preparation for the test?
Wir machen jetzt ein Interview.;We are making an interview now.
Auf der Arbeit esse ich in der Kantine.;At work I eat in the canteen.
Das Team ist wirklich zuverlässig.;The team is really reliable.
Sie müssen mindestens fünf Überstunden im Monat machen.;You have to do at least five hours of overtime in a month.
Ich hatte leider keinen Erfolg.;Unfortunately I had no success.
Wie viele Arbeitsstellen haben sie frei?;How many working places do you have free?
Ich habe keinen Bedarf an Arbeitern.;I have no need of workers.
Die Feuerwehr kommt sehr schnell.;The fire department comes very fast.
Pünktlichkeit ist sehr wichtig.;Punctuality is very important.
Eine gute Ausbildung ist ein großer Vorteil.;A good schooling is a big advantage.
Haben sie eine Berufsausbildung;Do you have an occupation schooling.
Wir brauchen noch Leute für den Ausbau des Hotels.;We need people for the extension of the hotel.
In welchem Bereich haben sie gearbeitet.;In which area did you work?
In diesem Betrieb möchte ich nicht arbeiten.;I dont want to work in this business.
Die Bezahlung ist sehr schlecht.;The payment is really bad.
Ich arbeite jetzt in einer Buchhandlung.;I work in a bookstore now.
Den Direktor grüße ich immer sehr freundlich.;The director I always greet very friendly.
Ich bin Ingenieur.;I am engineer.
Er ist Angestellter in einer großen Firma.;He is employee of a big company.
Haben sie uns schon ihre Bewerbung geschickt?;Did you send us your application?
Was sind sie von Beruf?;What is your occupation?
Sie brauchen einen guten Anwalt.;You need a good lawyer.
Wie viele Arbeiter haben sie?;How many workers do you have.
Ein Bäcker muss früh aufstehen.;A baker has to get up early.
Ich bin kein Bauer ich bin Gärtner.;I am not a farmer I am a gardener.
Der Briefträger kommt immer pünktlich.;The postman is always on time.
Da müssen wir den Elektriker rufen.;in this case we have to call an electrician.
Ich gehe jetzt zum Fleischer und hole uns zwei Schnitzel.;I go to the butcher and get us two Schnitzel.
Es ist immer der Gärtner.;It is always the gardener.
Ich bin Hausfrau von Beruf.;My occupation is housewife.
Da müssen sie mit dem Hausmeister sprechen.;In this case you have to talk to the janitor.
Der Klempner hat die Toilette repariert.;The plumber has repaired the toilet.
Der Koch arbeitet im Restaurant.;The cook works in the restaurant.
Der Maler malt die Wand.;The painter paints the wall.
Ich bin Maurer von Beruf.;My occupation is mason.
Kann der Mechaniker Autos reparieren?;Can the mechanic repair cars?
Der Polizist wollte mir nicht helfen.;The policeman didnt want to help me.
Mit der kaputten Hose gehe ich zum Schneider.;I go to the tailor with the broken pants.
Rufen sie bitte meinen Sekretär an.;Please call my secretary.
Welche Rolle spielen sie hier?;Which role do you play here?
Können wir bitte über mein Gehalt sprechen?;Can we talk about my salary please?
Das ist wirklich ein guter Job.;That is really a nice job.
Ich bin Künstler und kein Arbeiter.;I am an artist and not a worker.
Er ist ein Meister in seinem Beruf.;He is a master in his occupation.
Die Politiker haben zu viel Geld.;The politicians have too much money.
Den Sängern fehlt es immer am Geld.;The singers are always out of money.
Ich habe heute meinen Arbeitsplatz verloren.;Today I lost my working place.
Machen sie doch erstmal ein Praktikum bei uns.;Do a practical training with us first.
Ich habe heute frei und muss nicht arbeiten.;I have free today and dont have to work.
Jeder bekommt gleichmäßig viel.;Everybody gets the equal amount.
Wir brauchen zuverlässige Angestellte.;We need reliable employees.
Deine Tochter ist sehr fleißig.;Your daughter is very hardworking.
Das ist hier nicht üblich?;That is not usual here.
Ihre Voraussetzungen sind nicht ideal.;Your conditions are not ideal.
Wieviel bekomme ich netto?;How much do I get net (wage).
Ich bin seit zwei Jahren arbeitslos.;I am unemployed since two years.
Ich bekomme eintausend Euro brutto.;I get a thousand euros gross.
die Himmelsrichtung;direction
der Norden;the north
der Westen;the west
der Osten;the east
der Süden;the south
der Himmel;the sky
die Wolke;the cloud
der Mond;the moon
der Stern;the star
der Planet;the planet
die Erde;the earth
das Wetter;the weather
die Sonne;the sun
der Regen;the rain
der Nebel;the fog
der Schnee;the snow
der Wind;the wind
der Sturm;the storm
das Gewitter;the thunderstorm
der Blitz;the lightning
der Hagel;the hail
das Eis;the ice
die Luft;the air
der Tropfen;the drop
der Regenschirm;the umbrella
schauen;to look
gießen;to pour
heiß;hot
nass;wet
scheinen;to seem
die Tiere;the animals
der Vogel;the bird
der Fisch;the fish
das Insekt;the insect
der Hund;the dog
die Katze;the cat
das Schwein;the pig
die Kuh;the cow
das Schaf;the sheep
der Zoo;the zoo
die Pflanze;the plant
der Strauch;the bush
der Flieder;the lilac
die Blume;the flower
die Rose;the rose
die Lilie;the lily
der Baum;the tree
die Landschaft;the landscape
der Berg;the mountain
das Gebirge;the mountains
das Tal;the valley
der Fluss;the river
der See;the lake
der Bach;the creek
der Wald;the forest
die Wiese;the meadow
das Feld;the field
der Park;the park
die Wüste;the desert
die Insel;the island
das Meer;the ocean
der Blick;the view
der Stock;the stick
die Welt;the world
In welche Himmelsrichtung soll ich gehen.;In which direction shall I go?
Du musst nach Norden schauen.;You have to look to the north.
Im Westen geht die Sonne unter.;The sun goes down in the west.
Im Osten geht die Sonne auf.;The sun rises in the east.
Wir fahren in den Süden.;We drive south.
Der Himmer ist blau.;The sky is blue.
Es sind keine Wolken am Himmel.;There are no clouds at the sky.
Der Mond scheint sehr hell.;The moon shines brightly.
Ich habe alle Sterne gezählt.;I have counted all the stars.
Ist die Erde ein Planet?;Is the earth a planet?
Wir brauchen unsere Erde.;We need our earth.
Weißt du wie das Wetter morgen wird?;Do you know what the weather will be like tomorrow?
Die Sonne scheint den ganzen Tag.;The sun shines the whole day.
Wann kommt endlich wieder Regen?;When will the rain finally come again?
Bei dem vielen Nebel kann ich nichts sehen.;With so much fog I can see nothing.
Der Schnee liegt zwei Meter hoch.;The snow is two meters high.
Heute ist starker Wind.;Today is strong wind.
Sehr starken Wind nennt man Sturm.;Very strong wind is called a storm.
Da kommt ein Gewitter.;There is a thunderstorm coming.
Hast du den Blitz gesehen.;Have you seen the lightning?
Wenn der Hagel kommt gehen wir ins Haus.;When the hail comes we go into the house.
Im Winter wird Wasser zu Eis.;In winter water becomes ice.
Die Luft ist sehr trocken.;The air is very dry.
Ich brauche nur einen Tropen Wasser.;I just need a drop of water.
Hast du deinen Regenschirm dabei?;Do you have your umbrella with you?
Schauen sie sich die Wolke an.;Look at the clouds.
Wer gießt die Blumen?;Who pours the flowers?
Heute wird es sehr heiß.;It is very hot today.
Nach dem Regen war meine Kleidung nass.;My clothes were wet after the rain.
Heute scheint die Sonne den ganzen Tag.;Today the sun is shining the whole day.
Ich mag keine Tiere.;I dont like animals.
Vögel sind schöne Tiere.;Birds are beautiful animals.
Ich esse viel Fisch.;I eat a lot of fish.
Ich mag keine Insekten.;I dont like insects.
Mein Sohn spielt mit unserem Hund.;My son is playing with our dog.
Unsere Katze isst ihr Essen.;Our cat is eating her food.
Ich darf kein Schwein essen.;I am not allowed to eat pig.
Die Kuh gibt Milch.;The cow gives milk.
Der Bauer hat viele Schafe.;The farmer has many sheep.
Im Zoo sieht man viele Tiere.;You see a lot of animals in the zoo.
Wir haben viele Pflanzen in unserem Garten.;We have many plants in our garden.
Der alte Mann schneidet den Strauch.;The old man is cutting the bush.
Der Flieder steht hinten im Garten.;The lilac stands in the back of the garden.
In diesem Geschäft kann man Blumen kaufen.;In this store you can buy flowers.
Mein Mann hat mir eine rote Rose gegeben.;My husband has given me a red rose.
Die Lilie ist eine schöne Blume.;The lily is a beautiful flower.
Im Wald sind viele Bäume.;There are a lot of trees in the forest.
Eine Landschaft ohne Wald ist langweilig.;A landscape without a forest is boring.
Der Berg ist zu hoch für uns.;The mountain is too high for us.
Viele Berge sind ein Gebirge.;Many mountains are the mountains.
Ein Tal liegt zwischen zwei Bergen.;A valley lies between two mountains.
Ich schwimme durch den Fluß.;I swim through the river.
Wir können im See baden.;We can bathe in the sea.
Ein Bach ist ein sehr kleiner Fluß.;A creek is a very small river.
Wir machen einen Spaziergang im Wald.;We go for a walk in the forest.
Die Kinder laufen über die Wiese.;The children run over the meadow.
Auf dem Feld sind viele Kartoffeln.;There are many potatoes on the field.
Im Park kann man schöne Blumen sehen.;You can see beautiful flowers in the park.
In der Wüste ist viel Sand.;There is a lot of sand in the dessert.
Ich bin allein auf einer Insel.;I am alone on an island.
Das Meer ist sehr groß.;The ocean is very big.
Werfen sie auch einen Blick auf das Bild.;Also throw a glance on the picture.
Der Mann wirft einen Stock für seinen Hund.;The man throws a stick for his dog.
Die ganze Welt lacht über dich.;The whole world is laughing about you.
das Land;the land
der Kontinent;the continent
Europa;europe
Deutschland;Germany
die Schweiz;Switzerland
Österreich;Austria
Belgien;Belgium
die Niederlande;netherlands
die Nationalität;the nationality
das Visum;the visa
Großbritannien;britain
England;england
Frankreich;France
Italien;italy
Spanien;spain
die Türkei;turkey
Russland;russia
Albanien;albania
Serbien;Serbia
der Iran;the iran
Palästina;palestine
Syrien;the syrian
Tschetschenien;Chechnya
Afghanistan;afghanistan
Somalia;somalia
Pakistan;pakistan
Indien;india
der Europäer/ die Europäerin;the european
der Deutsche/ die Deutsche;The German
der Österreicher/ die Österreicherin;the Austrian
der Schweizer/ die Schweizerin;A swiss person
der Belgier/ die Belgierin;A belgian
der Niederländer/ die Niederländerin;the dutch
der Brite/ die Britin;the british
der Engländer/ die Engländerin;the english
der Franzose/ die Französin;the french
der Spanier/ die Spanierin;the spanish
der Italiener/ die Italienerin;the italian
der Türke/ die Türkin;the turk
der Russe/ die Russin;the russian
der Albaner/ die Albanerin;the albanian
der Serbe/ die Serbin;the serbian
der Iraner/ die Iranerin;the iranian
der Palästinenser/ die Palästinenserin;the palestinian
der Syrer/ die Syrerin;syria
der Tschetschene/ die Tschetschenin;the chechen
der Afghane/ die Afghanin;the afghan
der Somalier/ die Somalierin;the somalian
der Pakistani/ die Pakistani;the pakistani
der Inder/ die Inderin;the indian
europäisch;european
deutsch;German
österreichisch;Austrian
schweizer;swiss
belgisch;belgian
niederländisch;dutch
britisch;british
englisch;english
französisch;french
italienisch;italian
spanisch;spanish
türkisch;turkish
russisch;russian
albanisch;albanian
serbisch;serbian
iranisch;iranian
palästinensisch;palestinian
syrisch;syrian
tschetschenisch;chechen
afghanisch;afghan
somalisch;somalian
pakistanisch;pakistani
indisch;indian
international;international
Aus welchem Land kommst du?;Which country are you from?
Auf welchem Kontinent liegt Deutschland?;On which continent lies Germany?
Deutschland ist ein Land in Europa.;Germany is a country in europe.
Die Schweiz liegt neben Deutschland.;Switzerland lies next to Germany.
Österreich ist ein Nachbar von Deutschland.;Austria is a neighbour of Germany.
In Belgien spricht man kein deutsch.;In Belgium German is not spoken.
In den Niederlanden wird kein deutsch gesprochen.;In the netherlands German is not being spoken.
Hier sind Menschen mit verschiedener Nationalität.;Here are people with different nationalities.
Ich brauche ein Visum um hier zu arbeiten.;I need a visa to work here.
In Großbritannien gibt es viel Regen.;There is a lot of rain in great britain.
Die Hauptstadt von England ist London.;The capital of england is london.
In Frankreich essen die Menschen sehr lange.;In France people take a lot of time to eat.
In Italien gibt es immer Pizza.;In italy there is always pizza.
In Spanien ist es sehr heiß.;It is very hot in spain.
In Deutschland wohnen viele Menschen aus der Türkei.;In Germany live many people from Turkey.
In Russland spricht man russisch.;In Russia russian is spoken.
Ich komme aus Albanien.;I come from Albania.
Ich komme nicht aus Serbien.;I dont come from Serbia.
Wer kommt hier aus dem Iran?;Who comes from Iran?
In Palästina gibt es gutes Essen.;There is good food in palestine.
Ich möchte nicht nach Syrien zurück.;I dont want to go back to syria.
Tschetschenien liegt in Russland.;Chechnya lies in Russia.
Afghanistan liegt nicht in Europa.;Afghanistan doesnt lie in Europe.
Die Frauen kommen aus Somalien.;The Women are from Somalia.
In Pakistan kann man nicht mit Euros bezahlen.;In Pakistan you can not pay with euros.
In Indien sprechen viele Menschen englisch.;In India many people speak english.
Die Europäer sind sehr reich.;The Europeans are very rich.
Ich mag die Deutschen.;I like the Germans.
Ich mag die Österreicher nicht.;I dont like the austrians.
Die Schweizer machen viel Schokolade.;The swiss make a lot of chocolate.
Der Belgier isst gerne Pommes Frites.;The Belgian likes french fries.
Der Niederländer isst gerne Käse.;The Dutch likes to eat cheese.
Der Brite spielt schlecht Fußball.;The British is bad in soccer.
Die Engländer wohnen auf einer Insel.;The English live on an island.
Der Franzose reist gerne.;The French likes to travel.
Die Spanier sind gut im Fußball.;The spanish are good in soccer.
Die Italiener kochen gut.;The Italians cook very well.
Die Türken können gut tanzen.;The turkish dance very well.
Viele Russen spielen gut Schach.;Many Russians play chess well.
Ich bin kein Albaner.;I am not an Albanian.
Die Serben sind Europäer.;The Serbians are Europeans.
Ich kenne viele Iraner.;I know many Iranians.
Er kennt keine Palästinenser.;He knows no palestinians.
In meiner Firma arbeitet ein Syrer.;In my company works a Syrian.
Meine Mutter ist Tschetschenin.;My mother is chechen.
Die Afghanen sind gut in der Schule.;The afghans are very good in school.
Die Somalierinnen möchten deutsch lernen.;The Somalis want to learn German.
Die Pakistanis gehen zum Bahnhof.;The pakistanis go to the train station.
Der Inder verkauft gute Computer.;The Indian sells good Computers.
Du siehst europäisch aus.;You look european.
Das ist sehr deutsch.;That is very german.
Ich spreche österreichisch.;I speak austrian.
Das ist schweizer Schokolade.;That is Swiss chocolate.
Das ist ein belgisches Wort.;That is a belgian word.
Ich esse gerne niederländischen Käse.;I like to eat dutch cheese.
Das ist eine britische Firma.;That is a british company.
Ich spreche kein Englisch.;I speak no english.
Ich verstehe leider kein französisch.;Unfortunately I dont understand French.
Das italienische Essen schmeckt sehr gut.;The Italian food tastes very good.
Die spanischen Weine sind die besten.;The Spanish vines are the best.
Ich habe einen türkischen Mann.;I have a Turkish man.
Das ist ein deutsch russisches Wörterbuch.;That is a German Russian dictionary.
Was heißt das auf albanisch?;What does that mean in Albanian?
Wir lernen serbisch in der Schule.;We learn Serbian in school.
Ich glaube das ist iranisch.;I believe that is Iranian.
Das sind palästinensische Frauen.;That are Palestinian women.
Das ist syrisches Obst.;These are Syrian fruits.
Sprichst du tschetschenisch?;Do you speak Chechen?
Die afghanischen Menschen sind sehr freundlich.;The afghan people are very friendly.
Was heißt Käse auf somalisch?;What does cheese mean in Somali?
Das pakistanische Essen ist sehr scharf.;The Pakistan food is very hot.
Die indischen Männer arbeiten sehr viel.;The Indian men work a lot.
Deutschland ist sehr international.;Germany is very international.
